k,experiment,path,label,prediction
1,0,7\13.jpeg,7,5
1,0,11\12_0.jpeg,11,8
1,0,9\83.jpeg,9,11
1,0,10\23.jpeg,10,15
1,0,4\256.jpeg,4,5
1,0,11\5.jpeg,11,8
1,0,17\29.jpeg,17,3
1,0,6\50.jpeg,6,5
1,0,15\6.jpeg,15,3
1,0,8\48.jpeg,8,7
1,0,10\32.jpeg,10,15
1,0,8\37.jpeg,8,12
1,0,9\32.jpeg,9,17
1,0,0\38.jpeg,0,8
1,0,5\265.jpeg,5,4
1,0,18\22.jpeg,18,4
1,0,6\2.jpeg,6,4
1,0,2\116.jpeg,2,12
1,0,8\85.jpeg,8,11
1,0,8\15.jpeg,8,11
1,0,10\75.jpeg,10,15
1,0,10\32.jpeg,10,15
1,0,14\6.jpeg,14,4
1,0,9\62.jpeg,9,17
1,0,1\130.jpeg,1,3
1,0,1\20.jpeg,1,3
1,0,0\38.jpeg,0,8
1,0,17\18.jpeg,17,3
1,0,9\32.jpeg,9,17
1,0,3\19.jpeg,3,9
1,0,14\4.jpeg,14,12
1,0,10\87.jpeg,10,15
1,0,9\62.jpeg,9,17
1,0,1\7.jpeg,1,2
1,0,11\12_9.jpeg,11,8
1,0,6\25.jpeg,6,3
1,0,9\42.jpeg,9,17
1,0,15\62.jpeg,15,10
1,0,15\30.jpeg,15,10
1,0,7\189.jpeg,7,5
1,0,9\4.jpeg,9,17
1,0,19\24.jpeg,19,1
1,0,3\66.jpeg,3,2
1,0,9\42.jpeg,9,17
1,0,2\87.jpeg,2,12
1,0,5\63.jpeg,5,15
1,0,5\104.jpeg,5,4
1,0,0\38.jpeg,0,8
1,0,7\6.jpeg,7,3
1,0,6\170.jpeg,6,5
1,0,8\44.jpeg,8,12
1,0,4\256.jpeg,4,5
1,0,9\4.jpeg,9,17
1,0,2\21.jpeg,2,3
1,0,2\122.jpeg,2,12
1,0,13\57.jpeg,13,3
1,0,14\12.jpeg,14,16
1,0,7\189.jpeg,7,5
1,0,6\93.jpeg,6,5
1,0,8\77.jpeg,8,12
1,0,6\58.jpeg,6,5
1,0,11\12_0.jpeg,11,8
1,0,9\91.jpeg,9,17
1,0,2\2.jpeg,2,1
1,0,6\18.jpeg,6,5
1,0,1\121.jpeg,1,3
1,0,19\21.jpeg,19,1
1,0,4\252.jpeg,4,5
1,0,19\24.jpeg,19,1
1,0,3\66.jpeg,3,2
1,0,17\18.jpeg,17,3
1,0,11\12_1.jpeg,11,8
1,0,4\107.jpeg,4,12
1,0,9\96.jpeg,9,18
1,0,9\83.jpeg,9,11
1,0,1\126.jpeg,1,3
1,0,0\11.jpeg,0,8
1,0,4\8.jpeg,4,5
1,0,19\8.jpeg,19,1
1,0,14\6.jpeg,14,4
1,0,9\91.jpeg,9,17
1,0,19\39.jpeg,19,1
1,0,14\6.jpeg,14,4
1,0,2\752.jpeg,2,4
1,0,0\11.jpeg,0,8
1,0,9\91.jpeg,9,17
1,0,18\0.jpeg,18,4
1,0,6\0.jpeg,6,3
1,0,19\0.jpeg,19,1
1,0,6\2.jpeg,6,4
1,0,19\39.jpeg,19,1
1,0,6\18.jpeg,6,5
1,0,15\6.jpeg,15,3
1,0,14\6.jpeg,14,4
1,0,19\2.jpeg,19,1
1,0,19\21.jpeg,19,1
1,0,14\19.jpeg,14,16
1,0,0\11.jpeg,0,8
1,0,19\24.jpeg,19,1
1,0,8\5.jpeg,8,11
1,0,19\39.jpeg,19,1
1,0,2\224.jpeg,2,4
1,0,9\0.jpeg,9,11
1,0,7\186.jpeg,7,5
1,0,13\57.jpeg,13,3
1,0,1\10.jpeg,1,3
1,0,6\13.jpeg,6,5
1,0,1\126.jpeg,1,3
1,0,19\2.jpeg,19,1
1,0,1\0.jpeg,1,2
1,0,17\18.jpeg,17,3
1,0,9\62.jpeg,9,17
1,0,8\44.jpeg,8,12
1,0,6\211.jpeg,6,5
1,0,12\23.jpeg,12,13
1,0,15\30.jpeg,15,10
1,0,17\29.jpeg,17,3
1,0,0\10.jpeg,0,8
1,0,7\186.jpeg,7,5
1,0,13\53.jpeg,13,3
1,0,17\29.jpeg,17,3
1,0,6\97.jpeg,6,5
1,0,4\109.jpeg,4,12
1,0,10\87.jpeg,10,15
1,0,4\107.jpeg,4,12
1,0,1\152.jpeg,1,3
1,0,8\5.jpeg,8,11
1,0,6\52.jpeg,6,5
1,0,2\106.jpeg,2,16
1,0,1\6.jpeg,1,3
1,0,19\8.jpeg,19,1
1,0,2\85.jpeg,2,1
1,0,6\10.jpeg,6,5
1,0,19\21.jpeg,19,1
1,0,7\189.jpeg,7,5
1,0,6\15.jpeg,6,5
1,0,11\5.jpeg,11,8
1,0,6\2.jpeg,6,4
1,0,14\19.jpeg,14,16
1,0,13\57.jpeg,13,3
1,0,9\96.jpeg,9,18
1,0,2\224.jpeg,2,4
1,0,17\12.jpeg,17,3
1,0,11\27.jpeg,11,9
1,0,7\191.jpeg,7,5
1,0,14\6.jpeg,14,4
1,0,0\10.jpeg,0,8
1,0,3\66.jpeg,3,2
1,0,2\295.jpeg,2,10
1,0,6\2.jpeg,6,4
1,0,14\12.jpeg,14,16
1,0,0\112.jpeg,0,8
1,0,3\62.jpeg,3,2
1,0,7\189.jpeg,7,5
1,0,17\12.jpeg,17,3
1,0,7\0.jpeg,7,12
1,0,15\51.jpeg,15,10
1,0,4\107.jpeg,4,12
1,0,14\6.jpeg,14,4
1,0,15\6.jpeg,15,3
1,0,19\0.jpeg,19,1
1,0,7\84.jpeg,7,5
1,0,9\4.jpeg,9,17
1,0,8\19.jpeg,8,7
1,0,18\22.jpeg,18,4
1,0,4\170.jpeg,4,5
1,0,8\44.jpeg,8,12
1,0,1\130.jpeg,1,3
1,0,1\152.jpeg,1,3
1,0,8\44.jpeg,8,12
1,0,9\96.jpeg,9,18
1,0,10\32.jpeg,10,15
1,0,7\51.jpeg,7,5
1,0,14\0.jpeg,14,4
1,0,2\172.jpeg,2,15
1,0,9\0.jpeg,9,11
1,0,2\116.jpeg,2,12
1,0,3\66.jpeg,3,2
1,0,3\35.jpeg,3,13
1,0,18\3.jpeg,18,4
1,0,15\30.jpeg,15,10
1,0,8\5.jpeg,8,11
1,0,8\15.jpeg,8,11
1,0,6\25.jpeg,6,3
1,0,19\0.jpeg,19,1
1,0,6\10.jpeg,6,5
1,0,4\256.jpeg,4,5
1,1,13\21.jpeg,13,6
1,1,11\3.jpeg,11,17
1,1,11\0.jpeg,11,17
1,1,8\5.jpeg,8,17
1,1,7\1.jpeg,7,13
1,1,4\174.jpeg,4,5
1,1,11\25.jpeg,11,17
1,1,4\15.jpeg,4,5
1,1,0\0.jpeg,0,13
1,1,11\25.jpeg,11,17
1,1,18\22.jpeg,18,6
1,1,10\5.jpeg,10,5
1,1,10\0.jpeg,10,5
1,1,0\26.jpeg,0,13
1,1,15\3.jpeg,15,5
1,1,4\22.jpeg,4,5
1,1,0\28.jpeg,0,13
1,1,19\14.jpeg,19,1
1,1,10\5.jpeg,10,5
1,1,4\262.jpeg,4,11
1,1,18\3.jpeg,18,4
1,1,17\9.jpeg,17,9
1,1,11\4.jpeg,11,17
1,1,8\3.jpeg,8,9
1,1,11\27.jpeg,11,19
1,1,0\2.jpeg,0,13
1,1,17\1.jpeg,17,13
1,1,6\13.jpeg,6,4
1,1,9\96.jpeg,9,17
1,1,17\25.jpeg,17,9
1,1,13\7.jpeg,13,5
1,1,18\3.jpeg,18,4
1,1,13\4.jpeg,13,9
1,1,14\4.jpeg,14,13
1,1,0\28.jpeg,0,13
1,1,4\22.jpeg,4,5
1,1,4\15.jpeg,4,5
1,1,7\1.jpeg,7,13
1,1,11\27.jpeg,11,19
1,1,6\13.jpeg,6,4
1,1,4\256.jpeg,4,11
1,1,0\28.jpeg,0,13
1,1,14\0.jpeg,14,13
1,1,6\170.jpeg,6,5
1,1,11\27.jpeg,11,19
1,1,12\12.jpeg,12,9
1,1,0\1.jpeg,0,4
1,1,7\13.jpeg,7,13
1,1,2\63.jpeg,2,18
1,1,1\121.jpeg,1,4
1,1,8\94.jpeg,8,9
1,1,3\51.jpeg,3,4
1,1,2\1.jpeg,2,1
1,1,2\21.jpeg,2,3
1,1,19\14.jpeg,19,1
1,1,17\4.jpeg,17,9
1,1,7\13.jpeg,7,13
1,1,12\9.jpeg,12,4
1,1,12\53.jpeg,12,13
1,1,2\173.jpeg,2,11
1,1,4\131.jpeg,4,5
1,1,2\15.jpeg,2,11
1,1,6\16.jpeg,6,5
1,1,17\29.jpeg,17,13
1,1,6\16.jpeg,6,5
1,1,18\22.jpeg,18,6
1,1,15\55.jpeg,15,5
1,1,2\145.jpeg,2,1
1,1,4\1.jpeg,4,5
1,1,14\25.jpeg,14,10
1,1,12\9.jpeg,12,4
1,1,19\0.jpeg,19,1
1,1,14\19.jpeg,14,13
1,1,19\14.jpeg,19,1
1,1,10\2.jpeg,10,5
1,1,13\7.jpeg,13,5
1,1,11\0.jpeg,11,17
1,1,0\28.jpeg,0,13
1,1,5\195.jpeg,5,4
1,1,10\0.jpeg,10,5
1,1,9\91.jpeg,9,17
1,1,11\27.jpeg,11,19
1,1,9\91.jpeg,9,17
1,1,17\29.jpeg,17,13
1,1,10\0.jpeg,10,5
1,1,0\49.jpeg,0,8
1,1,13\36.jpeg,13,9
1,1,10\35.jpeg,10,5
1,1,0\2.jpeg,0,13
1,1,1\130.jpeg,1,4
1,1,6\0.jpeg,6,13
1,1,7\51.jpeg,7,13
1,1,12\12.jpeg,12,9
1,1,7\0.jpeg,7,4
1,1,9\91.jpeg,9,17
1,1,8\44.jpeg,8,13
1,1,17\18.jpeg,17,4
1,1,19\24.jpeg,19,1
1,1,5\195.jpeg,5,4
1,1,15\32.jpeg,15,5
1,1,17\29.jpeg,17,13
1,1,17\29.jpeg,17,13
1,1,18\0.jpeg,18,6
1,1,9\96.jpeg,9,17
1,1,17\29.jpeg,17,13
1,1,2\41.jpeg,2,1
1,1,12\8.jpeg,12,13
1,1,4\22.jpeg,4,5
1,1,1\130.jpeg,1,4
1,1,2\503.jpeg,2,11
1,1,2\2.jpeg,2,1
1,1,4\256.jpeg,4,11
1,1,4\0.jpeg,4,5
1,1,6\5.jpeg,6,5
1,1,17\29.jpeg,17,13
1,1,2\13.jpeg,2,17
1,1,6\38.jpeg,6,5
1,1,17\4.jpeg,17,9
1,1,0\28.jpeg,0,13
1,1,4\0.jpeg,4,5
1,1,14\19.jpeg,14,13
1,1,11\27.jpeg,11,19
1,1,0\26.jpeg,0,13
1,1,10\35.jpeg,10,5
1,1,0\133.jpeg,0,4
1,1,0\0.jpeg,0,13
1,1,11\0.jpeg,11,17
1,1,17\0.jpeg,17,9
1,1,13\4.jpeg,13,9
1,1,2\145.jpeg,2,1
1,1,4\262.jpeg,4,11
1,1,4\174.jpeg,4,5
1,1,6\16.jpeg,6,5
1,1,12\53.jpeg,12,13
1,1,6\50.jpeg,6,5
1,1,0\26.jpeg,0,13
1,1,2\3.jpeg,2,11
1,1,14\4.jpeg,14,13
1,1,8\12.jpeg,8,11
1,1,7\189.jpeg,7,13
1,1,18\0.jpeg,18,6
1,1,4\0.jpeg,4,5
1,1,10\0.jpeg,10,5
1,1,0\0.jpeg,0,13
1,1,18\3.jpeg,18,4
1,1,19\0.jpeg,19,1
1,1,14\4.jpeg,14,13
1,1,12\57.jpeg,12,13
1,1,4\174.jpeg,4,5
1,1,10\35.jpeg,10,5
1,1,17\1.jpeg,17,13
1,1,17\29.jpeg,17,13
1,1,11\0.jpeg,11,17
1,1,17\1.jpeg,17,13
1,1,11\25.jpeg,11,17
1,1,2\544.jpeg,2,11
1,1,13\4.jpeg,13,9
1,1,7\1.jpeg,7,13
1,1,6\317.jpeg,6,14
1,1,11\3.jpeg,11,17
1,1,14\25.jpeg,14,10
1,1,8\81.jpeg,8,9
1,1,17\29.jpeg,17,13
1,1,9\4.jpeg,9,17
1,1,17\25.jpeg,17,9
1,1,8\19.jpeg,8,9
1,1,2\15.jpeg,2,11
1,1,13\29.jpeg,13,9
1,1,17\0.jpeg,17,9
1,1,8\12.jpeg,8,11
1,1,11\4.jpeg,11,17
1,1,4\0.jpeg,4,5
1,1,10\27.jpeg,10,5
1,1,1\152.jpeg,1,4
1,1,8\12.jpeg,8,11
1,1,6\2.jpeg,6,4
1,1,2\36.jpeg,2,1
1,1,5\195.jpeg,5,4
1,1,14\4.jpeg,14,13
1,1,5\48.jpeg,5,4
1,1,10\27.jpeg,10,5
1,1,15\55.jpeg,15,5
1,1,15\32.jpeg,15,5
1,1,3\1.jpeg,3,4
1,1,14\0.jpeg,14,13
1,1,2\21.jpeg,2,3
1,1,0\49.jpeg,0,8
1,1,4\22.jpeg,4,5
1,1,0\0.jpeg,0,13
1,1,8\5.jpeg,8,17
1,1,9\96.jpeg,9,17
1,1,15\3.jpeg,15,5
1,1,2\295.jpeg,2,1
1,1,5\48.jpeg,5,4
1,1,13\36.jpeg,13,9
1,1,15\32.jpeg,15,5
1,1,12\8.jpeg,12,13
1,1,8\81.jpeg,8,9
1,1,13\2.jpeg,13,6
1,1,4\22.jpeg,4,5
1,2,10\63.jpeg,10,15
1,2,2\13.jpeg,2,3
1,2,9\58.jpeg,9,3
1,2,11\1.jpeg,11,5
1,2,7\6.jpeg,7,5
1,2,1\18.jpeg,1,19
1,2,6\98.jpeg,6,5
1,2,11\5.jpeg,11,8
1,2,6\10.jpeg,6,5
1,2,11\12_0.jpeg,11,16
1,2,8\5.jpeg,8,3
1,2,0\79.jpeg,0,8
1,2,15\16.jpeg,15,5
1,2,4\262.jpeg,4,5
1,2,1\124.jpeg,1,19
1,2,12\64.jpeg,12,17
1,2,17\0.jpeg,17,18
1,2,0\0.jpeg,0,8
1,2,2\145.jpeg,2,1
1,2,0\38.jpeg,0,2
1,2,1\13.jpeg,1,19
1,2,0\2.jpeg,0,8
1,2,4\7.jpeg,4,5
1,2,6\58.jpeg,6,5
1,2,15\6.jpeg,15,4
1,2,6\52.jpeg,6,5
1,2,0\49.jpeg,0,8
1,2,0\0.jpeg,0,8
1,2,18\22.jpeg,18,16
1,2,12\8.jpeg,12,17
1,2,10\2.jpeg,10,15
1,2,11\7.jpeg,11,6
1,2,9\0.jpeg,9,12
1,2,0\0.jpeg,0,8
1,2,4\0.jpeg,4,5
1,2,12\8.jpeg,12,17
1,2,17\10.jpeg,17,9
1,2,2\752.jpeg,2,1
1,2,2\15.jpeg,2,1
1,2,3\46.jpeg,3,1
1,2,15\68.jpeg,15,10
1,2,17\25.jpeg,17,18
1,2,3\46.jpeg,3,1
1,2,9\42.jpeg,9,17
1,2,9\62.jpeg,9,12
1,2,4\7.jpeg,4,5
1,2,4\0.jpeg,4,5
1,2,4\14.jpeg,4,5
1,2,15\69.jpeg,15,14
1,2,0\79.jpeg,0,8
1,2,12\57.jpeg,12,17
1,2,17\19.jpeg,17,18
1,2,9\62.jpeg,9,12
1,2,15\8.jpeg,15,10
1,2,13\12.jpeg,13,8
1,2,2\103.jpeg,2,4
1,2,2\63.jpeg,2,3
1,2,1\18.jpeg,1,19
1,2,17\2.jpeg,17,18
1,2,3\1.jpeg,3,1
1,2,8\5.jpeg,8,3
1,2,16\82.jpeg,16,14
1,2,6\10.jpeg,6,5
1,2,0\49.jpeg,0,8
1,2,10\5.jpeg,10,15
1,2,4\15.jpeg,4,10
1,2,2\1.jpeg,2,1
1,2,17\0.jpeg,17,18
1,2,0\139.jpeg,0,2
1,2,15\6.jpeg,15,4
1,2,9\68.jpeg,9,18
1,2,9\42.jpeg,9,17
1,2,4\107.jpeg,4,17
1,2,15\28.jpeg,15,10
1,2,10\23.jpeg,10,6
1,2,0\133.jpeg,0,5
1,2,9\32.jpeg,9,13
1,2,15\68.jpeg,15,10
1,2,15\14.jpeg,15,10
1,2,11\12_9.jpeg,11,16
1,2,9\68.jpeg,9,18
1,2,17\2.jpeg,17,18
1,2,3\1.jpeg,3,1
1,2,17\2.jpeg,17,18
1,2,0\11.jpeg,0,2
1,2,6\211.jpeg,6,5
1,2,10\23.jpeg,10,6
1,2,4\0.jpeg,4,5
1,2,17\0.jpeg,17,18
1,2,9\35.jpeg,9,18
1,2,17\25.jpeg,17,18
1,2,6\2.jpeg,6,5
1,2,10\9.jpeg,10,15
1,2,8\5.jpeg,8,3
1,2,6\159.jpeg,6,5
1,2,15\68.jpeg,15,10
1,2,11\12_3.jpeg,11,16
1,2,13\57.jpeg,13,17
1,2,11\5.jpeg,11,8
1,2,9\58.jpeg,9,3
1,2,3\46.jpeg,3,1
1,2,10\16.jpeg,10,15
1,2,9\62.jpeg,9,12
1,2,6\211.jpeg,6,5
1,2,6\10.jpeg,6,5
1,2,2\347.jpeg,2,15
1,2,0\94.jpeg,0,8
1,2,0\11.jpeg,0,2
1,2,15\21.jpeg,15,16
1,2,4\30.jpeg,4,5
1,2,16\82.jpeg,16,14
1,2,15\69.jpeg,15,14
1,2,9\42.jpeg,9,17
1,2,10\96.jpeg,10,6
1,2,6\1.jpeg,6,5
1,2,4\256.jpeg,4,5
1,2,12\8.jpeg,12,17
1,2,8\81.jpeg,8,3
1,2,10\22.jpeg,10,15
1,2,6\211.jpeg,6,5
1,2,13\7.jpeg,13,3
1,2,6\2.jpeg,6,5
1,2,10\63.jpeg,10,15
1,2,1\1.jpeg,1,19
1,2,6\48.jpeg,6,5
1,2,1\18.jpeg,1,19
1,2,9\35.jpeg,9,18
1,2,0\60.jpeg,0,2
1,2,9\0.jpeg,9,12
1,2,1\18.jpeg,1,19
1,2,10\9.jpeg,10,15
1,2,2\24.jpeg,2,1
1,2,15\1.jpeg,15,4
1,2,15\6.jpeg,15,4
1,2,4\262.jpeg,4,5
1,2,2\13.jpeg,2,3
1,2,18\0.jpeg,18,5
1,2,3\7.jpeg,3,1
1,2,7\2.jpeg,7,5
1,2,2\643.jpeg,2,1
1,2,13\57.jpeg,13,17
1,2,12\57.jpeg,12,17
1,2,13\0.jpeg,13,12
1,2,0\54.jpeg,0,8
1,2,11\5.jpeg,11,8
1,2,6\130.jpeg,6,5
1,2,4\3.jpeg,4,5
1,2,4\8.jpeg,4,5
1,2,4\262.jpeg,4,5
1,2,13\57.jpeg,13,17
1,2,2\3.jpeg,2,1
1,2,13\0.jpeg,13,12
1,2,10\63.jpeg,10,15
1,2,17\19.jpeg,17,18
1,2,0\54.jpeg,0,8
1,2,12\12.jpeg,12,17
1,2,12\9.jpeg,12,17
1,2,9\32.jpeg,9,13
1,2,4\145.jpeg,4,14
1,2,2\224.jpeg,2,1
1,2,13\0.jpeg,13,12
1,2,0\17.jpeg,0,2
1,2,0\49.jpeg,0,8
1,2,11\12_9.jpeg,11,16
1,2,2\343.jpeg,2,15
1,2,17\19.jpeg,17,18
1,2,10\18.jpeg,10,15
1,2,1\13.jpeg,1,19
1,2,4\131.jpeg,4,14
1,2,6\13.jpeg,6,5
1,2,15\6.jpeg,15,4
1,2,15\28.jpeg,15,10
1,2,2\30.jpeg,2,1
1,2,16\82.jpeg,16,14
1,2,10\15.jpeg,10,15
1,2,6\13.jpeg,6,5
1,2,17\10.jpeg,17,9
1,2,8\15.jpeg,8,18
1,2,0\2.jpeg,0,8
1,2,4\15.jpeg,4,10
1,2,9\58.jpeg,9,3
1,2,2\272.jpeg,2,1
1,2,6\240.jpeg,6,5
1,2,2\24.jpeg,2,1
1,2,9\0.jpeg,9,12
1,2,9\35.jpeg,9,18
1,2,10\63.jpeg,10,15
1,2,2\343.jpeg,2,15
1,2,4\3.jpeg,4,5
1,2,4\107.jpeg,4,17
1,2,12\64.jpeg,12,17
1,2,3\1.jpeg,3,1
1,2,13\64.jpeg,13,17
1,3,18\25.jpeg,18,14
1,3,18\0.jpeg,18,14
1,3,10\27.jpeg,10,17
1,3,10\87.jpeg,10,5
1,3,2\813.jpeg,2,1
1,3,17\12.jpeg,17,12
1,3,9\9.jpeg,9,3
1,3,15\3.jpeg,15,5
1,3,10\96.jpeg,10,5
1,3,18\3.jpeg,18,14
1,3,13\45.jpeg,13,12
1,3,4\107.jpeg,4,12
1,3,4\170.jpeg,4,6
1,3,11\5.jpeg,11,4
1,3,3\1.jpeg,3,2
1,3,15\1.jpeg,15,7
1,3,17\1.jpeg,17,12
1,3,1\130.jpeg,1,2
1,3,6\159.jpeg,6,5
1,3,11\7.jpeg,11,17
1,3,3\7.jpeg,3,2
1,3,13\2.jpeg,13,5
1,3,19\18.jpeg,19,11
1,3,3\54.jpeg,3,2
1,3,4\75.jpeg,4,5
1,3,5\195.jpeg,5,6
1,3,11\3.jpeg,11,1
1,3,2\103.jpeg,2,6
1,3,7\186.jpeg,7,6
1,3,4\15.jpeg,4,5
1,3,17\12.jpeg,17,12
1,3,1\10.jpeg,1,2
1,3,11\7.jpeg,11,17
1,3,7\191.jpeg,7,4
1,3,3\51.jpeg,3,2
1,3,15\68.jpeg,15,5
1,3,18\3.jpeg,18,14
1,3,6\121.jpeg,6,5
1,3,6\16.jpeg,6,5
1,3,4\104.jpeg,4,5
1,3,11\12_1.jpeg,11,4
1,3,3\46.jpeg,3,2
1,3,8\19.jpeg,8,11
1,3,7\1.jpeg,7,4
1,3,8\5.jpeg,8,9
1,3,4\104.jpeg,4,5
1,3,5\4.jpeg,5,4
1,3,6\121.jpeg,6,5
1,3,15\2.jpeg,15,5
1,3,4\15.jpeg,4,5
1,3,13\2.jpeg,13,5
1,3,3\46.jpeg,3,2
1,3,19\5.jpeg,19,4
1,3,4\75.jpeg,4,5
1,3,1\21.jpeg,1,2
1,3,15\2.jpeg,15,5
1,3,2\63.jpeg,2,1
1,3,13\7.jpeg,13,17
1,3,3\1.jpeg,3,2
1,3,6\8.jpeg,6,5
1,3,1\130.jpeg,1,2
1,3,4\1.jpeg,4,5
1,3,2\224.jpeg,2,4
1,3,2\106.jpeg,2,1
1,3,8\30.jpeg,8,0
1,3,17\4.jpeg,17,12
1,3,17\12.jpeg,17,12
1,3,17\29.jpeg,17,12
1,3,9\32.jpeg,9,17
1,3,8\30.jpeg,8,0
1,3,9\35.jpeg,9,17
1,3,11\10.jpeg,11,8
1,3,15\32.jpeg,15,5
1,3,2\106.jpeg,2,1
1,3,6\30.jpeg,6,5
1,3,1\10.jpeg,1,2
1,3,3\1.jpeg,3,2
1,3,11\12_0.jpeg,11,4
1,3,6\18.jpeg,6,5
1,3,15\1.jpeg,15,7
1,3,17\18.jpeg,17,12
1,3,5\4.jpeg,5,4
1,3,13\7.jpeg,13,17
1,3,4\75.jpeg,4,5
1,3,11\25.jpeg,11,1
1,3,13\4.jpeg,13,12
1,3,3\54.jpeg,3,2
1,3,8\7.jpeg,8,11
1,3,17\4.jpeg,17,12
1,3,7\0.jpeg,7,4
1,3,4\107.jpeg,4,12
1,3,11\1.jpeg,11,4
1,3,9\32.jpeg,9,17
1,3,19\5.jpeg,19,4
1,3,5\195.jpeg,5,6
1,3,5\10.jpeg,5,4
1,3,7\186.jpeg,7,6
1,3,11\7.jpeg,11,17
1,3,11\17.jpeg,11,4
1,3,9\4.jpeg,9,17
1,3,11\5.jpeg,11,4
1,3,15\16.jpeg,15,14
1,3,17\29.jpeg,17,12
1,3,19\18.jpeg,19,11
1,3,8\15.jpeg,8,11
1,3,9\4.jpeg,9,17
1,3,9\35.jpeg,9,17
1,3,11\25.jpeg,11,1
1,3,9\31.jpeg,9,17
1,3,13\7.jpeg,13,17
1,3,4\109.jpeg,4,14
1,3,6\32.jpeg,6,5
1,3,11\10.jpeg,11,8
1,3,5\3.jpeg,5,4
1,3,13\45.jpeg,13,12
1,3,5\4.jpeg,5,4
1,3,4\30.jpeg,4,5
1,3,8\19.jpeg,8,11
1,3,3\51.jpeg,3,2
1,3,12\5.jpeg,12,8
1,3,10\75.jpeg,10,14
1,3,11\12_1.jpeg,11,4
1,3,11\1.jpeg,11,4
1,3,17\29.jpeg,17,12
1,3,5\3.jpeg,5,4
1,3,11\17.jpeg,11,4
1,3,6\8.jpeg,6,5
1,3,4\109.jpeg,4,14
1,3,9\4.jpeg,9,17
1,3,3\51.jpeg,3,2
1,3,11\12_0.jpeg,11,4
1,3,13\57.jpeg,13,12
1,3,19\35.jpeg,19,4
1,3,9\9.jpeg,9,3
1,3,1\20.jpeg,1,2
1,3,12\5.jpeg,12,8
1,3,2\172.jpeg,2,1
1,3,9\35.jpeg,9,17
1,3,15\30.jpeg,15,14
1,3,5\48.jpeg,5,6
1,3,10\96.jpeg,10,5
1,3,10\87.jpeg,10,5
1,3,6\16.jpeg,6,5
1,3,8\15.jpeg,8,11
1,3,7\1.jpeg,7,4
1,3,19\35.jpeg,19,4
1,3,15\16.jpeg,15,14
1,3,6\10.jpeg,6,5
1,3,18\25.jpeg,18,14
1,3,10\27.jpeg,10,17
1,3,18\0.jpeg,18,14
1,3,10\96.jpeg,10,5
1,3,5\10.jpeg,5,4
1,3,17\18.jpeg,17,12
1,3,3\54.jpeg,3,2
1,3,2\103.jpeg,2,6
1,3,4\1.jpeg,4,5
1,3,6\5.jpeg,6,5
1,3,15\14.jpeg,15,5
1,3,17\18.jpeg,17,12
1,3,4\30.jpeg,4,5
1,3,15\32.jpeg,15,5
1,3,6\17.jpeg,6,5
1,3,15\3.jpeg,15,5
1,3,6\325.jpeg,6,5
1,3,10\32.jpeg,10,5
1,3,6\10.jpeg,6,5
1,3,19\35.jpeg,19,4
1,3,15\68.jpeg,15,5
1,3,18\3.jpeg,18,14
1,3,15\14.jpeg,15,5
1,3,6\18.jpeg,6,5
1,3,8\7.jpeg,8,11
1,4,12\57.jpeg,12,17
1,4,2\106.jpeg,2,12
1,4,6\170.jpeg,6,5
1,4,12\8.jpeg,12,17
1,4,6\18.jpeg,6,5
1,4,17\25.jpeg,17,9
1,4,6\159.jpeg,6,5
1,4,11\10.jpeg,11,8
1,4,9\83.jpeg,9,14
1,4,9\31.jpeg,9,18
1,4,1\15.jpeg,1,2
1,4,11\7.jpeg,11,8
1,4,8\30.jpeg,8,17
1,4,11\3.jpeg,11,8
1,4,6\16.jpeg,6,5
1,4,4\15.jpeg,4,5
1,4,15\1.jpeg,15,11
1,4,17\9.jpeg,17,9
1,4,9\9.jpeg,9,8
1,4,1\130.jpeg,1,6
1,4,6\10.jpeg,6,5
1,4,7\139.jpeg,7,12
1,4,4\104.jpeg,4,5
1,4,13\57.jpeg,13,17
1,4,15\0.jpeg,15,11
1,4,19\35.jpeg,19,2
1,4,5\3.jpeg,5,7
1,4,0\38.jpeg,0,6
1,4,17\0.jpeg,17,9
1,4,8\30.jpeg,8,17
1,4,1\20.jpeg,1,6
1,4,13\29.jpeg,13,12
1,4,2\106.jpeg,2,12
1,4,1\10.jpeg,1,7
1,4,4\15.jpeg,4,5
1,4,3\0.jpeg,3,9
1,4,12\8.jpeg,12,17
1,4,15\6.jpeg,15,11
1,4,6\0.jpeg,6,4
1,4,1\126.jpeg,1,6
1,4,18\22.jpeg,18,14
1,4,1\78.jpeg,1,19
1,4,17\19.jpeg,17,9
1,4,11\0.jpeg,11,8
1,4,4\0.jpeg,4,5
1,4,7\139.jpeg,7,12
1,4,9\91.jpeg,9,18
1,4,11\0.jpeg,11,8
1,4,7\238.jpeg,7,12
1,4,4\262.jpeg,4,6
1,4,5\195.jpeg,5,4
1,4,8\0.jpeg,8,0
1,4,7\17.jpeg,7,12
1,4,15\30.jpeg,15,10
1,4,1\4.jpeg,1,2
1,4,0\1.jpeg,0,6
1,4,2\173.jpeg,2,6
1,4,0\38.jpeg,0,6
1,4,12\53.jpeg,12,17
1,4,9\83.jpeg,9,14
1,4,4\75.jpeg,4,5
1,4,9\83.jpeg,9,14
1,4,7\10.jpeg,7,12
1,4,0\38.jpeg,0,6
1,4,11\4.jpeg,11,8
1,4,1\15.jpeg,1,2
1,4,14\22.jpeg,14,18
1,4,4\0.jpeg,4,5
1,4,0\60.jpeg,0,6
1,4,6\211.jpeg,6,4
1,4,1\20.jpeg,1,6
1,4,9\31.jpeg,9,18
1,4,12\12.jpeg,12,17
1,4,19\35.jpeg,19,2
1,4,3\19.jpeg,3,1
1,4,13\15.jpeg,13,3
1,4,11\3.jpeg,11,8
1,4,15\1.jpeg,15,11
1,4,18\0.jpeg,18,14
1,4,10\32.jpeg,10,15
1,4,4\104.jpeg,4,5
1,4,15\5.jpeg,15,5
1,4,6\10.jpeg,6,5
1,4,10\96.jpeg,10,5
1,4,6\170.jpeg,6,5
1,4,6\304.jpeg,6,14
1,4,15\6.jpeg,15,11
1,4,2\103.jpeg,2,7
1,4,13\36.jpeg,13,17
1,4,7\133.jpeg,7,12
1,4,17\0.jpeg,17,9
1,4,8\0.jpeg,8,0
1,4,4\262.jpeg,4,6
1,4,3\19.jpeg,3,1
1,4,1\7.jpeg,1,2
1,4,7\133.jpeg,7,12
1,4,9\83.jpeg,9,14
1,4,1\8.jpeg,1,6
1,4,0\1.jpeg,0,6
1,4,13\57.jpeg,13,17
1,4,6\18.jpeg,6,5
1,4,9\0.jpeg,9,8
1,4,11\3.jpeg,11,8
1,4,6\16.jpeg,6,5
1,4,4\1.jpeg,4,5
1,4,9\0.jpeg,9,8
1,4,6\2.jpeg,6,4
1,4,13\57.jpeg,13,17
1,4,18\0.jpeg,18,14
1,4,8\0.jpeg,8,0
1,4,11\3.jpeg,11,8
1,4,6\240.jpeg,6,5
1,4,12\64.jpeg,12,17
1,4,15\0.jpeg,15,11
1,4,4\145.jpeg,4,5
1,4,6\159.jpeg,6,5
1,4,9\83.jpeg,9,14
1,4,12\57.jpeg,12,17
1,4,3\19.jpeg,3,1
1,4,6\1.jpeg,6,5
1,4,11\23.jpeg,11,19
1,4,7\10.jpeg,7,12
1,4,9\9.jpeg,9,8
1,4,4\1.jpeg,4,5
1,4,14\22.jpeg,14,18
1,4,9\83.jpeg,9,14
1,4,12\12.jpeg,12,17
1,4,5\48.jpeg,5,4
1,4,6\16.jpeg,6,5
1,4,5\3.jpeg,5,7
1,4,11\0.jpeg,11,8
1,4,17\10.jpeg,17,9
1,4,13\15.jpeg,13,3
1,4,9\83.jpeg,9,14
1,4,5\195.jpeg,5,4
1,4,9\83.jpeg,9,14
1,4,11\10.jpeg,11,8
1,4,6\8.jpeg,6,5
1,4,7\17.jpeg,7,12
1,4,2\2.jpeg,2,19
1,4,4\22.jpeg,4,5
1,4,5\110.jpeg,5,4
1,4,17\25.jpeg,17,9
1,4,13\36.jpeg,13,17
1,4,0\38.jpeg,0,6
1,4,2\103.jpeg,2,7
1,4,7\71.jpeg,7,12
1,4,11\4.jpeg,11,8
1,4,13\7.jpeg,13,12
1,4,4\30.jpeg,4,5
1,4,13\4.jpeg,13,17
1,4,15\0.jpeg,15,11
1,4,12\12.jpeg,12,17
1,4,1\0.jpeg,1,2
1,4,13\57.jpeg,13,17
1,4,12\53.jpeg,12,17
1,4,5\3.jpeg,5,7
1,4,0\17.jpeg,0,6
1,4,1\52.jpeg,1,6
1,4,12\12.jpeg,12,17
1,4,3\51.jpeg,3,6
1,4,12\57.jpeg,12,17
1,4,7\59.jpeg,7,12
1,4,9\31.jpeg,9,18
1,4,7\139.jpeg,7,12
1,4,4\0.jpeg,4,5
1,4,6\18.jpeg,6,5
1,4,5\48.jpeg,5,4
1,4,11\27.jpeg,11,8
1,4,3\51.jpeg,3,6
2,0,8\37.jpeg,8,12
2,0,18\3.jpeg,18,4
2,0,15\62.jpeg,15,10
2,0,15\30.jpeg,15,10
2,0,9\0.jpeg,9,14
2,0,5\63.jpeg,5,4
2,0,1\20.jpeg,1,2
2,0,4\252.jpeg,4,5
2,0,4\109.jpeg,4,5
2,0,18\22.jpeg,18,5
2,0,8\77.jpeg,8,12
2,0,9\0.jpeg,9,14
2,0,6\13.jpeg,6,7
2,0,15\51.jpeg,15,10
2,0,10\32.jpeg,10,15
2,0,9\62.jpeg,9,17
2,0,4\3.jpeg,4,5
2,0,10\23.jpeg,10,8
2,0,6\13.jpeg,6,7
2,0,1\126.jpeg,1,2
2,0,6\10.jpeg,6,5
2,0,4\7.jpeg,4,5
2,0,10\87.jpeg,10,15
2,0,9\35.jpeg,9,17
2,0,10\32.jpeg,10,15
2,0,17\29.jpeg,17,13
2,0,4\3.jpeg,4,5
2,0,2\122.jpeg,2,13
2,0,18\3.jpeg,18,4
2,0,9\42.jpeg,9,17
2,0,17\29.jpeg,17,13
2,0,10\23.jpeg,10,8
2,0,9\83.jpeg,9,11
2,0,6\125.jpeg,6,5
2,0,17\18.jpeg,17,13
2,0,15\30.jpeg,15,10
2,0,6\121.jpeg,6,5
2,0,4\107.jpeg,4,0
2,0,9\62.jpeg,9,17
2,0,10\32.jpeg,10,15
2,0,5\31.jpeg,5,6
2,0,18\22.jpeg,18,5
2,0,1\10.jpeg,1,2
2,0,6\15.jpeg,6,5
2,0,3\51.jpeg,3,2
2,0,17\18.jpeg,17,13
2,0,18\0.jpeg,18,5
2,0,15\30.jpeg,15,10
2,0,15\30.jpeg,15,10
2,0,15\30.jpeg,15,10
2,0,1\10.jpeg,1,2
2,0,17\29.jpeg,17,13
2,0,3\51.jpeg,3,2
2,0,18\3.jpeg,18,4
2,0,9\32.jpeg,9,17
2,0,9\83.jpeg,9,11
2,0,1\316.jpeg,1,2
2,0,17\29.jpeg,17,13
2,0,2\13.jpeg,2,1
2,0,2\13.jpeg,2,1
2,0,5\195.jpeg,5,6
2,0,10\75.jpeg,10,15
2,0,1\4.jpeg,1,2
2,0,3\66.jpeg,3,2
2,0,3\51.jpeg,3,2
2,0,11\28.jpeg,11,19
2,0,3\51.jpeg,3,2
2,0,17\18.jpeg,17,13
2,0,10\32.jpeg,10,15
2,0,6\125.jpeg,6,5
2,0,9\42.jpeg,9,17
2,0,6\125.jpeg,6,5
2,0,1\126.jpeg,1,2
2,0,9\83.jpeg,9,11
2,0,10\75.jpeg,10,15
2,0,18\3.jpeg,18,4
2,0,18\0.jpeg,18,5
2,0,1\20.jpeg,1,2
2,0,6\304.jpeg,6,5
2,0,4\8.jpeg,4,6
2,0,18\3.jpeg,18,4
2,0,9\32.jpeg,9,17
2,0,10\32.jpeg,10,15
2,0,9\0.jpeg,9,14
2,0,1\126.jpeg,1,2
2,0,5\110.jpeg,5,6
2,0,9\35.jpeg,9,17
2,0,3\66.jpeg,3,2
2,0,2\116.jpeg,2,12
2,0,6\15.jpeg,6,5
2,0,6\10.jpeg,6,5
2,0,18\0.jpeg,18,5
2,0,4\107.jpeg,4,0
2,0,6\32.jpeg,6,5
2,0,15\62.jpeg,15,10
2,0,10\32.jpeg,10,15
2,0,4\170.jpeg,4,6
2,0,9\62.jpeg,9,17
2,0,10\87.jpeg,10,15
2,0,0\112.jpeg,0,8
2,0,6\38.jpeg,6,5
2,0,18\3.jpeg,18,4
2,0,10\23.jpeg,10,8
2,0,10\0.jpeg,10,15
2,0,5\63.jpeg,5,4
2,0,9\83.jpeg,9,11
2,0,1\78.jpeg,1,2
2,0,18\3.jpeg,18,4
2,0,15\30.jpeg,15,10
2,0,4\170.jpeg,4,6
2,0,2\85.jpeg,2,1
2,0,8\37.jpeg,8,12
2,1,9\83.jpeg,9,14
2,1,15\69.jpeg,15,10
2,1,7\0.jpeg,7,5
2,1,6\13.jpeg,6,5
2,1,2\1.jpeg,2,1
2,1,6\93.jpeg,6,5
2,1,0\24.jpeg,0,8
2,1,15\8.jpeg,15,10
2,1,3\51.jpeg,3,1
2,1,4\170.jpeg,4,5
2,1,12\57.jpeg,12,13
2,1,2\172.jpeg,2,19
2,1,0\49.jpeg,0,8
2,1,0\2.jpeg,0,14
2,1,6\25.jpeg,6,5
2,1,0\28.jpeg,0,17
2,1,10\45.jpeg,10,15
2,1,17\0.jpeg,17,9
2,1,0\32.jpeg,0,8
2,1,14\6.jpeg,14,15
2,1,11\7.jpeg,11,17
2,1,15\8.jpeg,15,10
2,1,10\45.jpeg,10,15
2,1,15\55.jpeg,15,10
2,1,0\28.jpeg,0,17
2,1,2\1.jpeg,2,1
2,1,8\12.jpeg,8,11
2,1,4\131.jpeg,4,5
2,1,8\5.jpeg,8,12
2,1,7\186.jpeg,7,5
2,1,9\91.jpeg,9,18
2,1,6\13.jpeg,6,5
2,1,5\95.jpeg,5,4
2,1,0\90.jpeg,0,14
2,1,2\752.jpeg,2,1
2,1,2\21.jpeg,2,1
2,1,12\9.jpeg,12,4
2,1,3\1.jpeg,3,1
2,1,3\46.jpeg,3,1
2,1,4\170.jpeg,4,5
2,1,9\96.jpeg,9,14
2,1,9\31.jpeg,9,18
2,1,6\0.jpeg,6,5
2,1,7\186.jpeg,7,5
2,1,9\96.jpeg,9,14
2,1,18\3.jpeg,18,4
2,1,17\0.jpeg,17,9
2,1,8\0.jpeg,8,11
2,1,8\48.jpeg,8,12
2,1,9\0.jpeg,9,12
2,1,0\49.jpeg,0,8
2,1,17\9.jpeg,17,9
2,1,3\62.jpeg,3,1
2,1,14\6.jpeg,14,15
2,1,3\62.jpeg,3,1
2,1,12\53.jpeg,12,13
2,1,9\83.jpeg,9,14
2,1,15\3.jpeg,15,10
2,1,18\0.jpeg,18,4
2,1,12\64.jpeg,12,13
2,1,7\0.jpeg,7,5
2,1,6\311.jpeg,6,5
2,1,4\262.jpeg,4,5
2,1,8\0.jpeg,8,11
2,1,8\5.jpeg,8,12
2,1,6\2.jpeg,6,5
2,1,0\0.jpeg,0,14
2,1,9\83.jpeg,9,14
2,1,3\62.jpeg,3,1
2,1,2\631.jpeg,2,10
2,1,3\62.jpeg,3,1
2,1,9\91.jpeg,9,18
2,1,2\24.jpeg,2,1
2,1,9\4.jpeg,9,17
2,1,9\0.jpeg,9,12
2,1,3\46.jpeg,3,1
2,1,2\544.jpeg,2,19
2,1,18\3.jpeg,18,4
2,1,4\22.jpeg,4,5
2,1,14\6.jpeg,14,15
2,1,12\9.jpeg,12,4
2,1,0\24.jpeg,0,8
2,1,9\91.jpeg,9,18
2,1,17\9.jpeg,17,9
2,1,2\224.jpeg,2,7
2,1,17\25.jpeg,17,9
2,1,4\262.jpeg,4,5
2,1,4\131.jpeg,4,5
2,1,14\19.jpeg,14,15
2,1,2\21.jpeg,2,1
2,1,9\4.jpeg,9,17
2,1,0\90.jpeg,0,14
2,1,9\91.jpeg,9,18
2,1,6\52.jpeg,6,5
2,1,4\252.jpeg,4,5
2,1,2\172.jpeg,2,19
2,1,17\25.jpeg,17,9
2,1,4\256.jpeg,4,5
2,1,3\62.jpeg,3,1
2,1,13\2.jpeg,13,2
2,1,2\483.jpeg,2,1
2,1,18\3.jpeg,18,4
2,1,14\0.jpeg,14,15
2,1,8\0.jpeg,8,11
2,1,0\24.jpeg,0,8
2,1,8\19.jpeg,8,11
2,1,9\31.jpeg,9,18
2,1,3\66.jpeg,3,1
2,1,18\3.jpeg,18,4
2,1,6\0.jpeg,6,5
2,1,3\51.jpeg,3,1
2,1,2\172.jpeg,2,19
2,1,3\46.jpeg,3,1
2,1,3\7.jpeg,3,1
2,1,2\1.jpeg,2,1
2,1,11\0.jpeg,11,14
2,1,17\25.jpeg,17,9
2,1,6\43.jpeg,6,5
2,1,4\256.jpeg,4,5
2,1,0\79.jpeg,0,14
2,1,14\25.jpeg,14,15
2,1,18\22.jpeg,18,15
2,1,8\5.jpeg,8,12
2,1,9\0.jpeg,9,12
2,1,0\49.jpeg,0,8
2,1,5\265.jpeg,5,4
2,1,3\1.jpeg,3,1
2,1,2\347.jpeg,2,19
2,1,4\170.jpeg,4,5
2,1,17\9.jpeg,17,9
2,1,17\25.jpeg,17,9
2,1,0\79.jpeg,0,14
2,1,18\3.jpeg,18,4
2,1,0\112.jpeg,0,5
2,1,12\9.jpeg,12,4
2,1,8\12.jpeg,8,11
2,1,12\53.jpeg,12,13
2,1,12\64.jpeg,12,13
2,1,17\0.jpeg,17,9
2,1,4\22.jpeg,4,5
2,1,18\25.jpeg,18,15
2,1,15\69.jpeg,15,10
2,1,3\62.jpeg,3,1
2,1,12\9.jpeg,12,4
2,1,15\55.jpeg,15,10
2,1,11\7.jpeg,11,17
2,1,3\7.jpeg,3,1
2,1,4\262.jpeg,4,5
2,1,17\9.jpeg,17,9
2,2,15\3.jpeg,15,10
2,2,4\104.jpeg,4,10
2,2,6\211.jpeg,6,5
2,2,4\15.jpeg,4,10
2,2,4\1.jpeg,4,10
2,2,2\15.jpeg,2,1
2,2,13\57.jpeg,13,17
2,2,6\15.jpeg,6,5
2,2,8\7.jpeg,8,9
2,2,13\69.jpeg,13,7
2,2,6\256.jpeg,6,4
2,2,15\28.jpeg,15,10
2,2,2\15.jpeg,2,1
2,2,13\8.jpeg,13,7
2,2,9\62.jpeg,9,17
2,2,15\69.jpeg,15,10
2,2,4\262.jpeg,4,5
2,2,0\11.jpeg,0,4
2,2,4\262.jpeg,4,5
2,2,7\13.jpeg,7,5
2,2,15\3.jpeg,15,10
2,2,2\24.jpeg,2,1
2,2,2\24.jpeg,2,1
2,2,12\9.jpeg,12,17
2,2,13\61.jpeg,13,7
2,2,8\5.jpeg,8,9
2,2,2\41.jpeg,2,19
2,2,0\11.jpeg,0,4
2,2,13\9.jpeg,13,17
2,2,8\94.jpeg,8,3
2,2,13\57.jpeg,13,17
2,2,9\35.jpeg,9,17
2,2,8\7.jpeg,8,9
2,2,1\178.jpeg,1,19
2,2,13\69.jpeg,13,7
2,2,13\69.jpeg,13,7
2,2,9\35.jpeg,9,17
2,2,15\55.jpeg,15,10
2,2,12\57.jpeg,12,17
2,2,9\62.jpeg,9,17
2,2,6\15.jpeg,6,5
2,2,4\7.jpeg,4,5
2,2,4\104.jpeg,4,10
2,2,7\2.jpeg,7,5
2,2,13\69.jpeg,13,7
2,2,4\30.jpeg,4,10
2,2,3\1.jpeg,3,4
2,2,15\14.jpeg,15,10
2,2,4\7.jpeg,4,5
2,2,2\6.jpeg,2,1
2,2,9\32.jpeg,9,17
2,2,3\1.jpeg,3,4
2,2,0\38.jpeg,0,4
2,2,15\68.jpeg,15,10
2,2,13\69.jpeg,13,7
2,2,15\68.jpeg,15,10
2,2,2\3.jpeg,2,1
2,2,15\14.jpeg,15,10
2,2,6\15.jpeg,6,5
2,2,0\11.jpeg,0,4
2,2,15\62.jpeg,15,10
2,2,3\1.jpeg,3,4
2,2,7\13.jpeg,7,5
2,2,4\262.jpeg,4,5
2,2,8\5.jpeg,8,9
2,2,7\13.jpeg,7,5
2,2,15\6.jpeg,15,11
2,2,4\1.jpeg,4,10
2,2,3\1.jpeg,3,4
2,2,19\35.jpeg,19,11
2,2,12\57.jpeg,12,17
2,2,4\30.jpeg,4,10
2,2,15\28.jpeg,15,10
2,2,6\1.jpeg,6,5
2,2,15\55.jpeg,15,10
2,2,15\8.jpeg,15,10
2,2,4\15.jpeg,4,10
2,2,12\57.jpeg,12,17
2,2,13\64.jpeg,13,17
2,2,5\22.jpeg,5,15
2,2,19\35.jpeg,19,11
2,2,12\64.jpeg,12,17
2,2,6\18.jpeg,6,5
2,2,15\69.jpeg,15,10
2,2,3\1.jpeg,3,4
2,2,12\9.jpeg,12,17
2,2,12\57.jpeg,12,17
2,2,19\35.jpeg,19,11
2,2,9\62.jpeg,9,17
2,2,6\1.jpeg,6,5
2,2,13\12.jpeg,13,7
2,2,15\14.jpeg,15,10
2,2,12\57.jpeg,12,17
2,2,7\13.jpeg,7,5
2,2,15\6.jpeg,15,11
2,2,1\2.jpeg,1,19
2,2,9\62.jpeg,9,17
2,2,12\9.jpeg,12,17
2,2,15\55.jpeg,15,10
2,2,12\57.jpeg,12,17
2,2,15\6.jpeg,15,11
2,2,2\3.jpeg,2,1
2,2,4\145.jpeg,4,5
2,2,1\18.jpeg,1,19
2,2,7\186.jpeg,7,4
2,2,9\32.jpeg,9,17
2,2,6\52.jpeg,6,5
2,2,9\35.jpeg,9,17
2,2,12\64.jpeg,12,17
2,2,9\62.jpeg,9,17
2,2,6\15.jpeg,6,5
2,2,7\186.jpeg,7,4
2,2,3\1.jpeg,3,4
2,2,10\96.jpeg,10,6
2,2,3\1.jpeg,3,4
2,2,6\18.jpeg,6,5
2,2,11\7.jpeg,11,6
2,2,4\104.jpeg,4,10
2,3,6\17.jpeg,6,5
2,3,15\30.jpeg,15,10
2,3,18\3.jpeg,18,4
2,3,3\51.jpeg,3,2
2,3,4\107.jpeg,4,12
2,3,0\1.jpeg,0,7
2,3,3\54.jpeg,3,2
2,3,4\170.jpeg,4,7
2,3,10\75.jpeg,10,15
2,3,7\301.jpeg,7,6
2,3,4\107.jpeg,4,12
2,3,2\172.jpeg,2,15
2,3,3\54.jpeg,3,2
2,3,4\15.jpeg,4,5
2,3,15\62.jpeg,15,10
2,3,7\0.jpeg,7,12
2,3,3\54.jpeg,3,2
2,3,6\97.jpeg,6,5
2,3,8\37.jpeg,8,12
2,3,6\121.jpeg,6,5
2,3,11\12_0.jpeg,11,4
2,3,6\211.jpeg,6,7
2,3,6\159.jpeg,6,5
2,3,1\6.jpeg,1,2
2,3,11\12_0.jpeg,11,4
2,3,11\12_0.jpeg,11,4
2,3,15\1.jpeg,15,7
2,3,8\38.jpeg,8,13
2,3,7\191.jpeg,7,6
2,3,0\1.jpeg,0,7
2,3,15\16.jpeg,15,7
2,3,7\0.jpeg,7,12
2,3,7\191.jpeg,7,6
2,3,1\316.jpeg,1,2
2,3,7\15.jpeg,7,6
2,3,5\3.jpeg,5,4
2,3,19\5.jpeg,19,13
2,3,11\1.jpeg,11,4
2,3,0\11.jpeg,0,7
2,3,8\38.jpeg,8,13
2,3,2\367.jpeg,2,4
2,3,0\11.jpeg,0,7
2,3,0\11.jpeg,0,7
2,3,19\5.jpeg,19,13
2,3,6\211.jpeg,6,7
2,3,5\4.jpeg,5,4
2,3,13\36.jpeg,13,3
2,3,1\6.jpeg,1,2
2,3,18\3.jpeg,18,4
2,3,18\0.jpeg,18,4
2,3,1\3.jpeg,1,2
2,3,8\12.jpeg,8,11
2,3,8\30.jpeg,8,0
2,3,10\75.jpeg,10,15
2,3,4\107.jpeg,4,12
2,3,11\1.jpeg,11,4
2,3,8\16.jpeg,8,0
2,3,10\0.jpeg,10,15
2,3,15\16.jpeg,15,7
2,3,18\3.jpeg,18,4
2,3,19\0.jpeg,19,1
2,3,19\0.jpeg,19,1
2,3,15\16.jpeg,15,7
2,3,15\0.jpeg,15,7
2,3,4\107.jpeg,4,12
2,3,2\752.jpeg,2,1
2,3,15\62.jpeg,15,10
2,3,3\1.jpeg,3,2
2,3,3\51.jpeg,3,2
2,3,4\107.jpeg,4,12
2,3,18\0.jpeg,18,4
2,3,0\11.jpeg,0,7
2,3,6\0.jpeg,6,7
2,3,9\35.jpeg,9,17
2,3,3\1.jpeg,3,2
2,3,9\35.jpeg,9,17
2,3,19\5.jpeg,19,13
2,3,15\16.jpeg,15,7
2,3,6\32.jpeg,6,5
2,3,5\3.jpeg,5,4
2,3,7\304.jpeg,7,6
2,3,6\32.jpeg,6,5
2,3,3\51.jpeg,3,2
2,3,15\1.jpeg,15,7
2,3,19\5.jpeg,19,13
2,3,5\195.jpeg,5,7
2,3,11\12_0.jpeg,11,4
2,3,13\4.jpeg,13,8
2,3,18\3.jpeg,18,4
2,3,3\1.jpeg,3,2
2,3,18\0.jpeg,18,4
2,3,8\16.jpeg,8,0
2,3,5\3.jpeg,5,4
2,3,10\75.jpeg,10,15
2,3,8\16.jpeg,8,0
2,3,15\62.jpeg,15,10
2,3,0\11.jpeg,0,7
2,3,9\35.jpeg,9,17
2,3,9\35.jpeg,9,17
2,3,6\159.jpeg,6,5
2,3,10\32.jpeg,10,15
2,3,3\1.jpeg,3,2
2,3,5\48.jpeg,5,7
2,3,6\121.jpeg,6,5
2,3,15\16.jpeg,15,7
2,3,10\27.jpeg,10,5
2,3,6\58.jpeg,6,7
2,3,8\16.jpeg,8,0
2,3,6\0.jpeg,6,7
2,3,8\0.jpeg,8,0
2,3,7\301.jpeg,7,6
2,3,6\16.jpeg,6,5
2,3,10\75.jpeg,10,15
2,3,8\16.jpeg,8,0
2,3,3\54.jpeg,3,2
2,3,3\51.jpeg,3,2
2,3,8\12.jpeg,8,11
2,3,15\62.jpeg,15,10
2,3,7\84.jpeg,7,6
2,3,2\367.jpeg,2,4
2,3,2\85.jpeg,2,19
2,3,5\3.jpeg,5,4
2,3,18\3.jpeg,18,4
2,3,13\45.jpeg,13,8
2,3,11\12_0.jpeg,11,4
2,3,3\51.jpeg,3,2
2,3,13\45.jpeg,13,8
2,3,19\0.jpeg,19,1
2,4,12\53.jpeg,12,17
2,4,9\68.jpeg,9,18
2,4,17\23.jpeg,17,9
2,4,4\15.jpeg,4,5
2,4,6\325.jpeg,6,5
2,4,6\16.jpeg,6,5
2,4,2\173.jpeg,2,4
2,4,19\5.jpeg,19,10
2,4,6\170.jpeg,6,5
2,4,4\30.jpeg,4,5
2,4,6\10.jpeg,6,5
2,4,2\2.jpeg,2,19
2,4,4\30.jpeg,4,5
2,4,12\64.jpeg,12,17
2,4,3\19.jpeg,3,1
2,4,8\25.jpeg,8,0
2,4,15\30.jpeg,15,10
2,4,9\68.jpeg,9,18
2,4,1\130.jpeg,1,4
2,4,4\174.jpeg,4,6
2,4,17\25.jpeg,17,9
2,4,4\174.jpeg,4,6
2,4,4\262.jpeg,4,6
2,4,6\159.jpeg,6,5
2,4,13\15.jpeg,13,3
2,4,4\15.jpeg,4,5
2,4,6\159.jpeg,6,5
2,4,13\36.jpeg,13,8
2,4,1\152.jpeg,1,4
2,4,17\25.jpeg,17,9
2,4,4\7.jpeg,4,6
2,4,2\24.jpeg,2,1
2,4,17\25.jpeg,17,9
2,4,2\103.jpeg,2,4
2,4,5\31.jpeg,5,4
2,4,1\126.jpeg,1,4
2,4,10\32.jpeg,10,15
2,4,12\9.jpeg,12,4
2,4,17\9.jpeg,17,9
2,4,9\62.jpeg,9,1
2,4,6\311.jpeg,6,5
2,4,12\57.jpeg,12,17
2,4,4\1.jpeg,4,5
2,4,11\4.jpeg,11,10
2,4,5\4.jpeg,5,6
2,4,5\31.jpeg,5,4
2,4,8\30.jpeg,8,0
2,4,5\110.jpeg,5,4
2,4,9\62.jpeg,9,1
2,4,11\25.jpeg,11,19
2,4,6\211.jpeg,6,4
2,4,2\503.jpeg,2,4
2,4,3\19.jpeg,3,1
2,4,12\64.jpeg,12,17
2,4,2\103.jpeg,2,4
2,4,1\126.jpeg,1,4
2,4,6\17.jpeg,6,5
2,4,5\110.jpeg,5,4
2,4,19\5.jpeg,19,10
2,4,11\10.jpeg,11,10
2,4,3\51.jpeg,3,4
2,4,9\9.jpeg,9,14
2,4,9\83.jpeg,9,1
2,4,3\51.jpeg,3,4
2,4,2\173.jpeg,2,4
2,4,2\483.jpeg,2,4
2,4,1\130.jpeg,1,4
2,4,8\30.jpeg,8,0
2,4,6\16.jpeg,6,5
2,4,13\57.jpeg,13,17
2,4,11\23.jpeg,11,10
2,4,11\3.jpeg,11,9
2,4,9\68.jpeg,9,18
2,4,9\83.jpeg,9,1
2,4,17\19.jpeg,17,1
2,4,11\25.jpeg,11,19
2,4,3\1.jpeg,3,4
2,4,10\23.jpeg,10,5
2,4,4\145.jpeg,4,5
2,4,5\10.jpeg,5,6
2,4,19\5.jpeg,19,10
2,4,6\32.jpeg,6,5
2,4,4\104.jpeg,4,5
2,4,19\35.jpeg,19,2
2,4,9\62.jpeg,9,1
2,4,11\23.jpeg,11,10
2,4,12\12.jpeg,12,17
2,4,17\23.jpeg,17,9
2,4,8\12.jpeg,8,10
2,4,1\130.jpeg,1,4
2,4,13\36.jpeg,13,8
2,4,11\27.jpeg,11,1
2,4,9\9.jpeg,9,14
2,4,4\30.jpeg,4,5
2,4,13\45.jpeg,13,9
2,4,4\262.jpeg,4,6
2,4,3\19.jpeg,3,1
2,4,5\31.jpeg,5,4
2,4,6\50.jpeg,6,5
2,4,15\30.jpeg,15,10
2,4,13\57.jpeg,13,17
2,4,1\10.jpeg,1,4
2,4,6\2.jpeg,6,4
2,4,9\83.jpeg,9,1
2,4,4\22.jpeg,4,5
2,4,5\195.jpeg,5,4
2,4,9\9.jpeg,9,14
2,4,4\131.jpeg,4,5
2,4,2\13.jpeg,2,1
2,4,12\57.jpeg,12,17
2,4,17\9.jpeg,17,9
2,4,6\17.jpeg,6,5
2,4,5\31.jpeg,5,4
2,4,17\10.jpeg,17,9
2,4,17\23.jpeg,17,9
2,4,6\5.jpeg,6,5
2,4,6\17.jpeg,6,5
2,4,13\45.jpeg,13,9
2,4,5\10.jpeg,5,6
2,4,11\23.jpeg,11,10
2,4,3\1.jpeg,3,4
2,4,15\30.jpeg,15,10
2,4,5\110.jpeg,5,4
2,4,5\110.jpeg,5,4
2,4,1\130.jpeg,1,4
2,4,10\32.jpeg,10,15
2,4,17\19.jpeg,17,1
2,4,19\35.jpeg,19,2
2,4,19\35.jpeg,19,2
2,4,2\173.jpeg,2,4
2,4,11\3.jpeg,11,9
2,4,11\4.jpeg,11,10
2,4,10\32.jpeg,10,15
3,0,11\28.jpeg,11,8
3,0,4\107.jpeg,4,12
3,0,15\51.jpeg,15,10
3,0,18\0.jpeg,18,2
3,0,6\16.jpeg,6,5
3,0,4\107.jpeg,4,12
3,0,4\107.jpeg,4,12
3,0,18\0.jpeg,18,2
3,0,5\110.jpeg,5,6
3,0,5\101.jpeg,5,4
3,0,6\16.jpeg,6,5
3,0,0\10.jpeg,0,8
3,0,1\126.jpeg,1,3
3,0,18\0.jpeg,18,2
3,0,6\16.jpeg,6,5
3,0,9\42.jpeg,9,17
3,0,1\316.jpeg,1,2
3,0,6\121.jpeg,6,5
3,0,15\62.jpeg,15,10
3,0,9\35.jpeg,9,17
3,0,4\170.jpeg,4,6
3,0,18\3.jpeg,18,2
3,0,9\42.jpeg,9,17
3,0,9\83.jpeg,9,11
3,0,2\21.jpeg,2,3
3,0,1\316.jpeg,1,2
3,0,5\110.jpeg,5,6
3,0,15\30.jpeg,15,10
3,0,6\16.jpeg,6,5
3,0,6\121.jpeg,6,5
3,0,5\195.jpeg,5,6
3,0,1\126.jpeg,1,3
3,0,6\15.jpeg,6,5
3,0,6\16.jpeg,6,5
3,0,15\51.jpeg,15,10
3,0,9\42.jpeg,9,17
3,0,6\176.jpeg,6,5
3,0,9\83.jpeg,9,11
3,0,9\32.jpeg,9,17
3,0,6\121.jpeg,6,5
3,0,5\195.jpeg,5,6
3,0,0\10.jpeg,0,8
3,0,2\13.jpeg,2,1
3,0,18\0.jpeg,18,2
3,0,15\51.jpeg,15,10
3,0,18\3.jpeg,18,2
3,0,18\3.jpeg,18,2
3,0,15\30.jpeg,15,10
3,0,18\0.jpeg,18,2
3,0,4\107.jpeg,4,12
3,0,11\28.jpeg,11,8
3,0,8\37.jpeg,8,12
3,0,1\130.jpeg,1,3
3,0,0\10.jpeg,0,8
3,0,8\37.jpeg,8,12
3,0,9\83.jpeg,9,11
3,0,4\107.jpeg,4,12
3,0,9\35.jpeg,9,17
3,0,4\170.jpeg,4,6
3,0,18\3.jpeg,18,2
3,0,18\3.jpeg,18,2
3,0,9\83.jpeg,9,11
3,0,11\28.jpeg,11,8
3,0,9\83.jpeg,9,11
3,1,17\9.jpeg,17,9
3,1,6\5.jpeg,6,5
3,1,3\51.jpeg,3,1
3,1,14\25.jpeg,14,10
3,1,5\4.jpeg,5,4
3,1,3\46.jpeg,3,1
3,1,7\226.jpeg,7,4
3,1,4\22.jpeg,4,5
3,1,0\0.jpeg,0,4
3,1,8\48.jpeg,8,12
3,1,18\22.jpeg,18,15
3,1,17\9.jpeg,17,9
3,1,18\0.jpeg,18,15
3,1,18\22.jpeg,18,15
3,1,0\24.jpeg,0,8
3,1,4\22.jpeg,4,5
3,1,18\0.jpeg,18,15
3,1,10\32.jpeg,10,15
3,1,18\3.jpeg,18,15
3,1,17\0.jpeg,17,9
3,1,0\49.jpeg,0,8
3,1,6\97.jpeg,6,5
3,1,8\48.jpeg,8,12
3,1,0\24.jpeg,0,8
3,1,11\0.jpeg,11,9
3,1,4\131.jpeg,4,5
3,1,2\172.jpeg,2,15
3,1,6\52.jpeg,6,4
3,1,6\5.jpeg,6,5
3,1,14\25.jpeg,14,10
3,1,2\21.jpeg,2,1
3,1,2\3.jpeg,2,1
3,1,6\170.jpeg,6,5
3,1,7\0.jpeg,7,4
3,1,2\21.jpeg,2,1
3,1,4\131.jpeg,4,5
3,1,5\4.jpeg,5,4
3,1,0\32.jpeg,0,8
3,1,17\9.jpeg,17,9
3,1,0\28.jpeg,0,8
3,1,6\2.jpeg,6,4
3,1,2\347.jpeg,2,15
3,1,2\483.jpeg,2,4
3,1,3\46.jpeg,3,1
3,1,6\256.jpeg,6,4
3,1,5\48.jpeg,5,4
3,1,11\28.jpeg,11,19
3,1,2\24.jpeg,2,1
3,1,9\83.jpeg,9,2
3,1,8\48.jpeg,8,12
3,1,2\21.jpeg,2,1
3,1,6\170.jpeg,6,5
3,1,2\21.jpeg,2,1
3,1,4\131.jpeg,4,5
3,1,6\256.jpeg,6,4
3,1,2\347.jpeg,2,15
3,1,0\32.jpeg,0,8
3,1,3\51.jpeg,3,1
3,1,3\66.jpeg,3,1
3,1,17\9.jpeg,17,9
3,1,11\28.jpeg,11,19
3,1,5\110.jpeg,5,4
3,1,3\46.jpeg,3,1
3,1,0\90.jpeg,0,8
3,1,10\32.jpeg,10,15
3,1,2\347.jpeg,2,15
3,1,0\49.jpeg,0,8
3,1,9\83.jpeg,9,2
3,1,5\4.jpeg,5,4
3,1,4\131.jpeg,4,5
3,1,6\0.jpeg,6,4
3,1,2\30.jpeg,2,1
3,1,4\1.jpeg,4,5
3,1,7\0.jpeg,7,4
3,1,6\3.jpeg,6,5
3,1,6\256.jpeg,6,4
3,1,17\0.jpeg,17,9
3,1,2\172.jpeg,2,15
3,1,4\131.jpeg,4,5
3,1,2\1.jpeg,2,1
3,1,6\1.jpeg,6,5
3,1,18\3.jpeg,18,15
3,1,7\189.jpeg,7,4
3,1,5\195.jpeg,5,4
3,1,4\131.jpeg,4,5
3,1,5\195.jpeg,5,4
3,1,5\4.jpeg,5,4
3,1,0\90.jpeg,0,8
3,1,2\30.jpeg,2,1
3,1,6\1.jpeg,6,5
3,1,18\22.jpeg,18,15
3,1,9\83.jpeg,9,2
3,1,3\1.jpeg,3,1
3,1,11\7.jpeg,11,19
3,1,0\28.jpeg,0,8
3,1,3\51.jpeg,3,1
3,1,7\189.jpeg,7,4
3,1,17\0.jpeg,17,9
3,1,18\3.jpeg,18,15
3,1,4\1.jpeg,4,5
3,1,6\2.jpeg,6,4
3,1,6\0.jpeg,6,4
3,1,11\7.jpeg,11,19
3,1,8\48.jpeg,8,12
3,1,4\1.jpeg,4,5
3,2,3\7.jpeg,3,1
3,2,3\1.jpeg,3,1
3,2,0\38.jpeg,0,4
3,2,13\12.jpeg,13,2
3,2,3\46.jpeg,3,1
3,2,9\32.jpeg,9,17
3,2,15\28.jpeg,15,10
3,2,6\121.jpeg,6,5
3,2,3\1.jpeg,3,1
3,2,6\121.jpeg,6,5
3,2,7\6.jpeg,7,6
3,2,8\5.jpeg,8,19
3,2,4\256.jpeg,4,6
3,2,6\304.jpeg,6,5
3,2,6\1.jpeg,6,5
3,2,6\159.jpeg,6,5
3,2,2\752.jpeg,2,4
3,2,6\1.jpeg,6,5
3,2,0\1.jpeg,0,4
3,2,3\46.jpeg,3,1
3,2,8\94.jpeg,8,19
3,2,4\145.jpeg,4,10
3,2,4\145.jpeg,4,10
3,2,11\1.jpeg,11,15
3,2,6\159.jpeg,6,5
3,2,2\3.jpeg,2,1
3,2,10\23.jpeg,10,9
3,2,15\14.jpeg,15,10
3,2,11\12_9.jpeg,11,15
3,2,15\14.jpeg,15,10
3,2,7\186.jpeg,7,6
3,2,9\35.jpeg,9,17
3,2,11\12_9.jpeg,11,15
3,2,2\367.jpeg,2,4
3,2,0\11.jpeg,0,4
3,2,13\69.jpeg,13,2
3,2,3\7.jpeg,3,1
3,2,10\23.jpeg,10,9
3,2,9\32.jpeg,9,17
3,2,2\224.jpeg,2,10
3,2,15\14.jpeg,15,10
3,2,7\186.jpeg,7,6
3,2,8\12.jpeg,8,11
3,2,8\12.jpeg,8,11
3,2,7\13.jpeg,7,6
3,2,13\69.jpeg,13,2
3,2,19\35.jpeg,19,10
3,2,13\9.jpeg,13,17
3,2,2\503.jpeg,2,17
3,2,13\57.jpeg,13,17
3,2,11\1.jpeg,11,15
3,2,3\46.jpeg,3,1
3,2,0\11.jpeg,0,4
3,2,15\28.jpeg,15,10
3,2,0\1.jpeg,0,4
3,2,5\3.jpeg,5,6
3,2,15\3.jpeg,15,10
3,2,4\104.jpeg,4,10
3,2,2\272.jpeg,2,4
3,2,15\28.jpeg,15,10
3,2,4\256.jpeg,4,6
3,2,8\85.jpeg,8,11
3,2,13\8.jpeg,13,2
3,2,13\64.jpeg,13,8
3,2,5\3.jpeg,5,6
3,2,0\11.jpeg,0,4
3,2,2\497.jpeg,2,4
3,2,13\64.jpeg,13,8
3,2,8\3.jpeg,8,11
3,2,3\1.jpeg,3,1
3,2,15\28.jpeg,15,10
3,2,9\35.jpeg,9,17
3,2,4\145.jpeg,4,10
3,2,15\3.jpeg,15,10
3,2,2\3.jpeg,2,1
3,2,3\1.jpeg,3,1
3,2,13\69.jpeg,13,2
3,2,11\1.jpeg,11,15
3,2,5\22.jpeg,5,6
3,2,3\46.jpeg,3,1
3,2,10\23.jpeg,10,9
3,2,15\3.jpeg,15,10
3,2,13\69.jpeg,13,2
3,2,3\1.jpeg,3,1
3,2,11\12_9.jpeg,11,15
3,2,11\12_9.jpeg,11,15
3,2,5\22.jpeg,5,6
3,2,13\12.jpeg,13,2
3,2,4\104.jpeg,4,10
3,2,15\69.jpeg,15,10
3,2,10\23.jpeg,10,9
3,2,15\3.jpeg,15,10
3,2,19\35.jpeg,19,10
3,2,8\3.jpeg,8,11
3,2,3\1.jpeg,3,1
3,2,4\104.jpeg,4,10
3,2,11\12_9.jpeg,11,15
3,2,0\38.jpeg,0,4
3,2,3\1.jpeg,3,1
3,2,15\28.jpeg,15,10
3,2,4\104.jpeg,4,10
3,2,9\35.jpeg,9,17
3,2,10\23.jpeg,10,9
3,2,15\14.jpeg,15,10
3,2,19\35.jpeg,19,10
3,2,0\1.jpeg,0,4
3,2,5\63.jpeg,5,6
3,3,19\35.jpeg,19,15
3,3,10\0.jpeg,10,15
3,3,8\38.jpeg,8,11
3,3,1\6.jpeg,1,3
3,3,9\35.jpeg,9,17
3,3,2\483.jpeg,2,3
3,3,12\5.jpeg,12,7
3,3,2\483.jpeg,2,3
3,3,2\15.jpeg,2,1
3,3,6\52.jpeg,6,5
3,3,11\0.jpeg,11,17
3,3,9\35.jpeg,9,17
3,3,2\367.jpeg,2,1
3,3,8\0.jpeg,8,0
3,3,10\27.jpeg,10,17
3,3,2\15.jpeg,2,1
3,3,10\75.jpeg,10,15
3,3,19\5.jpeg,19,10
3,3,11\7.jpeg,11,17
3,3,8\38.jpeg,8,11
3,3,19\35.jpeg,19,15
3,3,2\367.jpeg,2,1
3,3,19\35.jpeg,19,15
3,3,9\35.jpeg,9,17
3,3,7\0.jpeg,7,5
3,3,9\35.jpeg,9,17
3,3,18\0.jpeg,18,4
3,3,19\35.jpeg,19,15
3,3,9\35.jpeg,9,17
3,3,8\30.jpeg,8,0
3,3,6\0.jpeg,6,5
3,3,18\0.jpeg,18,4
3,3,12\5.jpeg,12,7
3,3,6\93.jpeg,6,5
3,3,8\30.jpeg,8,0
3,3,2\3.jpeg,2,1
3,3,10\27.jpeg,10,17
3,3,8\30.jpeg,8,0
3,3,11\0.jpeg,11,17
3,3,18\0.jpeg,18,4
3,3,19\5.jpeg,19,10
3,3,6\58.jpeg,6,5
3,3,10\0.jpeg,10,15
3,3,10\27.jpeg,10,17
3,3,9\9.jpeg,9,14
3,3,8\38.jpeg,8,11
3,3,19\5.jpeg,19,10
3,3,8\0.jpeg,8,0
3,3,8\38.jpeg,8,11
3,3,19\35.jpeg,19,15
3,3,8\0.jpeg,8,0
3,3,9\9.jpeg,9,14
3,3,4\107.jpeg,4,17
3,3,12\5.jpeg,12,7
3,3,18\0.jpeg,18,4
3,3,2\15.jpeg,2,1
3,3,11\0.jpeg,11,17
3,3,8\38.jpeg,8,11
3,3,11\0.jpeg,11,17
3,3,2\503.jpeg,2,3
3,3,18\0.jpeg,18,4
3,3,2\764.jpeg,2,1
3,3,8\30.jpeg,8,0
3,3,2\15.jpeg,2,1
3,3,8\0.jpeg,8,0
3,3,12\5.jpeg,12,7
3,3,10\96.jpeg,10,17
3,3,7\8.jpeg,7,6
3,3,19\5.jpeg,19,10
3,3,10\27.jpeg,10,17
3,3,6\0.jpeg,6,5
3,3,9\9.jpeg,9,14
3,3,9\9.jpeg,9,14
3,3,13\7.jpeg,13,19
3,3,18\0.jpeg,18,4
3,3,10\0.jpeg,10,15
3,3,10\0.jpeg,10,15
3,3,10\75.jpeg,10,15
3,3,7\0.jpeg,7,5
3,3,6\25.jpeg,6,5
3,3,10\75.jpeg,10,15
3,4,9\9.jpeg,9,14
3,4,6\311.jpeg,6,5
3,4,2\483.jpeg,2,3
3,4,15\30.jpeg,15,10
3,4,5\195.jpeg,5,4
3,4,9\9.jpeg,9,14
3,4,10\32.jpeg,10,15
3,4,6\30.jpeg,6,5
3,4,17\23.jpeg,17,9
3,4,2\483.jpeg,2,3
3,4,17\23.jpeg,17,9
3,4,6\10.jpeg,6,5
3,4,3\51.jpeg,3,1
3,4,15\1.jpeg,15,11
3,4,10\32.jpeg,10,15
3,4,2\173.jpeg,2,1
3,4,3\51.jpeg,3,1
3,4,1\5.jpeg,1,2
3,4,3\51.jpeg,3,1
3,4,13\57.jpeg,13,17
3,4,3\1.jpeg,3,1
3,4,11\25.jpeg,11,17
3,4,2\15.jpeg,2,1
3,4,17\25.jpeg,17,9
3,4,10\32.jpeg,10,15
3,4,8\5.jpeg,8,9
3,4,2\173.jpeg,2,1
3,4,1\4.jpeg,1,2
3,4,11\3.jpeg,11,17
3,4,6\50.jpeg,6,5
3,4,6\16.jpeg,6,5
3,4,15\30.jpeg,15,10
3,4,17\25.jpeg,17,9
3,4,1\124.jpeg,1,2
3,4,10\75.jpeg,10,15
3,4,13\57.jpeg,13,17
3,4,8\5.jpeg,8,9
3,4,5\3.jpeg,5,6
3,4,15\30.jpeg,15,10
3,4,17\25.jpeg,17,9
3,4,2\103.jpeg,2,8
3,4,11\4.jpeg,11,10
3,4,9\9.jpeg,9,14
3,4,6\17.jpeg,6,5
3,4,11\45.jpeg,11,19
3,4,9\31.jpeg,9,13
3,4,9\9.jpeg,9,14
3,4,12\57.jpeg,12,17
3,4,15\62.jpeg,15,10
3,4,11\3.jpeg,11,17
3,4,4\104.jpeg,4,5
3,4,6\16.jpeg,6,5
3,4,17\25.jpeg,17,9
3,4,5\110.jpeg,5,4
3,4,15\30.jpeg,15,10
3,4,11\25.jpeg,11,17
3,4,15\62.jpeg,15,10
3,4,11\25.jpeg,11,17
3,4,3\1.jpeg,3,1
3,4,12\64.jpeg,12,17
3,4,3\1.jpeg,3,1
3,4,2\13.jpeg,2,1
3,4,6\17.jpeg,6,5
3,4,5\3.jpeg,5,6
3,4,5\195.jpeg,5,4
3,4,9\31.jpeg,9,13
3,4,9\31.jpeg,9,13
3,4,6\32.jpeg,6,5
3,4,6\38.jpeg,6,5
3,4,12\57.jpeg,12,17
3,4,6\5.jpeg,6,5
3,4,10\75.jpeg,10,15
3,4,10\32.jpeg,10,15
3,4,4\104.jpeg,4,5
3,4,17\23.jpeg,17,9
3,4,15\30.jpeg,15,10
3,4,5\195.jpeg,5,4
3,4,11\45.jpeg,11,19
3,4,15\1.jpeg,15,11
3,4,6\311.jpeg,6,5
3,4,2\103.jpeg,2,8
3,4,11\25.jpeg,11,17
3,4,3\1.jpeg,3,1
3,4,10\32.jpeg,10,15
3,4,3\51.jpeg,3,1
3,4,3\51.jpeg,3,1
4,0,15\62.jpeg,15,10
4,0,4\107.jpeg,4,6
4,0,15\62.jpeg,15,10
4,0,11\12_9.jpeg,11,15
4,0,9\35.jpeg,9,17
4,0,10\75.jpeg,10,15
4,0,9\42.jpeg,9,17
4,0,6\0.jpeg,6,5
4,0,6\121.jpeg,6,5
4,0,6\98.jpeg,6,5
4,0,10\75.jpeg,10,15
4,0,15\62.jpeg,15,10
4,0,11\28.jpeg,11,8
4,0,10\75.jpeg,10,15
4,0,4\107.jpeg,4,6
4,0,11\28.jpeg,11,8
4,0,15\51.jpeg,15,10
4,0,6\15.jpeg,6,5
4,0,6\25.jpeg,6,4
4,0,9\35.jpeg,9,17
4,0,9\42.jpeg,9,17
4,0,6\0.jpeg,6,5
4,0,6\176.jpeg,6,5
4,0,11\12_0.jpeg,11,15
4,0,6\25.jpeg,6,4
4,0,6\5.jpeg,6,5
4,0,9\35.jpeg,9,17
4,0,8\0.jpeg,8,0
4,0,15\51.jpeg,15,10
4,0,6\304.jpeg,6,5
4,0,9\32.jpeg,9,17
4,0,6\0.jpeg,6,5
4,0,1\8.jpeg,1,2
4,0,15\62.jpeg,15,10
4,0,2\3.jpeg,2,3
4,0,10\75.jpeg,10,15
4,0,6\30.jpeg,6,5
4,0,6\48.jpeg,6,4
4,0,9\35.jpeg,9,17
4,0,9\32.jpeg,9,17
4,0,9\42.jpeg,9,17
4,0,10\75.jpeg,10,15
4,0,6\211.jpeg,6,5
4,0,6\211.jpeg,6,5
4,0,6\211.jpeg,6,5
4,0,11\12_0.jpeg,11,15
4,0,1\126.jpeg,1,3
4,0,6\15.jpeg,6,5
4,0,2\3.jpeg,2,3
4,0,11\12_0.jpeg,11,15
4,0,4\107.jpeg,4,6
4,0,15\62.jpeg,15,10
4,0,9\42.jpeg,9,17
4,0,6\121.jpeg,6,5
4,0,10\75.jpeg,10,15
4,0,2\21.jpeg,2,3
4,0,15\62.jpeg,15,10
4,1,6\58.jpeg,6,4
4,1,5\0.jpeg,5,4
4,1,2\483.jpeg,2,1
4,1,16\66.jpeg,16,10
4,1,18\22.jpeg,18,15
4,1,2\1.jpeg,2,1
4,1,17\0.jpeg,17,9
4,1,17\9.jpeg,17,9
4,1,3\46.jpeg,3,1
4,1,2\367.jpeg,2,4
4,1,11\28.jpeg,11,19
4,1,2\21.jpeg,2,1
4,1,2\3.jpeg,2,1
4,1,2\503.jpeg,2,1
4,1,18\0.jpeg,18,4
4,1,6\2.jpeg,6,4
4,1,4\131.jpeg,4,1
4,1,6\25.jpeg,6,4
4,1,2\21.jpeg,2,1
4,1,18\22.jpeg,18,15
4,1,17\19.jpeg,17,9
4,1,6\25.jpeg,6,4
4,1,13\69.jpeg,13,19
4,1,5\201.jpeg,5,4
4,1,2\103.jpeg,2,4
4,1,7\0.jpeg,7,4
4,1,5\4.jpeg,5,4
4,1,11\50.jpeg,11,19
4,1,1\62.jpeg,1,19
4,1,2\21.jpeg,2,1
4,1,2\544.jpeg,2,1
4,1,4\22.jpeg,4,10
4,1,2\7.jpeg,2,19
4,1,4\22.jpeg,4,10
4,1,18\3.jpeg,18,4
4,1,8\94.jpeg,8,19
4,1,3\46.jpeg,3,1
4,1,17\9.jpeg,17,9
4,1,5\201.jpeg,5,4
4,1,11\28.jpeg,11,19
4,1,3\51.jpeg,3,1
4,1,3\46.jpeg,3,1
4,1,0\79.jpeg,0,8
4,1,11\28.jpeg,11,19
4,1,6\25.jpeg,6,4
4,1,16\66.jpeg,16,10
4,1,2\367.jpeg,2,4
4,1,17\9.jpeg,17,9
4,1,16\66.jpeg,16,10
4,1,2\631.jpeg,2,10
4,1,3\66.jpeg,3,1
4,1,6\1.jpeg,6,4
4,1,17\0.jpeg,17,9
4,1,18\25.jpeg,18,14
4,1,5\265.jpeg,5,4
4,1,2\1.jpeg,2,1
4,1,16\66.jpeg,16,10
4,1,0\79.jpeg,0,8
4,1,3\1.jpeg,3,1
4,1,5\4.jpeg,5,4
4,1,5\201.jpeg,5,4
4,1,2\1.jpeg,2,1
4,1,17\19.jpeg,17,9
4,1,17\19.jpeg,17,9
4,1,3\51.jpeg,3,1
4,1,11\27.jpeg,11,19
4,1,2\15.jpeg,2,1
4,1,6\0.jpeg,6,4
4,1,5\213.jpeg,5,4
4,1,3\51.jpeg,3,1
4,1,13\69.jpeg,13,19
4,1,11\50.jpeg,11,19
4,1,2\103.jpeg,2,4
4,1,16\66.jpeg,16,10
4,1,11\50.jpeg,11,19
4,1,18\0.jpeg,18,4
4,1,5\0.jpeg,5,4
4,1,5\265.jpeg,5,4
4,1,18\3.jpeg,18,4
4,1,11\28.jpeg,11,19
4,1,6\0.jpeg,6,4
4,1,17\19.jpeg,17,9
4,1,18\25.jpeg,18,14
4,1,18\22.jpeg,18,15
4,1,11\27.jpeg,11,19
4,1,2\764.jpeg,2,1
4,1,17\9.jpeg,17,9
4,1,5\265.jpeg,5,4
4,1,2\1.jpeg,2,1
4,1,17\0.jpeg,17,9
4,1,0\79.jpeg,0,8
4,1,7\0.jpeg,7,4
4,1,18\3.jpeg,18,4
4,1,11\28.jpeg,11,19
4,1,5\201.jpeg,5,4
4,1,13\69.jpeg,13,19
4,1,5\4.jpeg,5,4
4,1,5\195.jpeg,5,4
4,1,7\6.jpeg,7,4
4,2,4\8.jpeg,4,6
4,2,3\7.jpeg,3,1
4,2,9\32.jpeg,9,17
4,2,12\9.jpeg,12,6
4,2,9\32.jpeg,9,17
4,2,8\5.jpeg,8,11
4,2,3\1.jpeg,3,1
4,2,12\57.jpeg,12,6
4,2,8\5.jpeg,8,11
4,2,9\35.jpeg,9,17
4,2,6\305.jpeg,6,5
4,2,2\272.jpeg,2,1
4,2,3\1.jpeg,3,1
4,2,3\46.jpeg,3,1
4,2,19\35.jpeg,19,10
4,2,3\1.jpeg,3,1
4,2,2\367.jpeg,2,4
4,2,3\1.jpeg,3,1
4,2,3\7.jpeg,3,1
4,2,5\3.jpeg,5,4
4,2,19\35.jpeg,19,10
4,2,8\94.jpeg,8,19
4,2,13\57.jpeg,13,17
4,2,6\304.jpeg,6,5
4,2,13\57.jpeg,13,17
4,2,4\104.jpeg,4,10
4,2,12\9.jpeg,12,6
4,2,9\35.jpeg,9,17
4,2,6\304.jpeg,6,5
4,2,15\69.jpeg,15,10
4,2,2\272.jpeg,2,1
4,2,8\5.jpeg,8,11
4,2,9\32.jpeg,9,17
4,2,3\46.jpeg,3,1
4,2,3\7.jpeg,3,1
4,2,15\62.jpeg,15,10
4,2,3\1.jpeg,3,1
4,2,9\35.jpeg,9,17
4,2,13\57.jpeg,13,17
4,2,8\5.jpeg,8,11
4,2,12\57.jpeg,12,6
4,2,4\8.jpeg,4,6
4,2,15\69.jpeg,15,10
4,2,19\35.jpeg,19,10
4,2,9\35.jpeg,9,17
4,2,11\1.jpeg,11,0
4,2,15\62.jpeg,15,10
4,2,11\1.jpeg,11,0
4,2,11\1.jpeg,11,0
4,2,2\367.jpeg,2,4
4,2,9\32.jpeg,9,17
4,2,3\1.jpeg,3,1
4,2,9\35.jpeg,9,17
4,2,19\35.jpeg,19,10
4,2,13\9.jpeg,13,17
4,2,9\32.jpeg,9,17
4,2,12\57.jpeg,12,6
4,2,13\57.jpeg,13,17
4,3,10\75.jpeg,10,15
4,3,11\7.jpeg,11,9
4,3,17\0.jpeg,17,9
4,3,10\75.jpeg,10,15
4,3,8\64.jpeg,8,7
4,3,8\0.jpeg,8,0
4,3,11\0.jpeg,11,9
4,3,15\62.jpeg,15,10
4,3,8\64.jpeg,8,7
4,3,18\0.jpeg,18,14
4,3,6\38.jpeg,6,17
4,3,4\107.jpeg,4,12
4,3,11\12_0.jpeg,11,15
4,3,18\0.jpeg,18,14
4,3,8\64.jpeg,8,7
4,3,6\97.jpeg,6,5
4,3,11\7.jpeg,11,9
4,3,17\0.jpeg,17,9
4,3,4\107.jpeg,4,12
4,3,6\211.jpeg,6,4
4,3,5\48.jpeg,5,7
4,3,8\64.jpeg,8,7
4,3,6\0.jpeg,6,7
4,3,10\75.jpeg,10,15
4,3,6\0.jpeg,6,7
4,3,5\48.jpeg,5,7
4,3,8\0.jpeg,8,0
4,3,4\107.jpeg,4,12
4,3,6\0.jpeg,6,7
4,3,17\0.jpeg,17,9
4,3,11\0.jpeg,11,9
4,3,11\7.jpeg,11,9
4,3,17\0.jpeg,17,9
4,3,5\48.jpeg,5,7
4,3,5\48.jpeg,5,7
4,3,17\0.jpeg,17,9
4,3,18\0.jpeg,18,14
4,3,15\62.jpeg,15,10
4,3,11\0.jpeg,11,9
4,3,18\0.jpeg,18,14
4,3,6\31.jpeg,6,7
4,3,8\30.jpeg,8,0
4,3,4\107.jpeg,4,12
4,3,18\0.jpeg,18,14
4,3,11\12_0.jpeg,11,15
4,3,15\62.jpeg,15,10
4,3,15\62.jpeg,15,10
4,3,8\30.jpeg,8,0
4,3,18\0.jpeg,18,14
4,3,6\52.jpeg,6,2
4,3,11\12_0.jpeg,11,15
4,3,2\63.jpeg,2,1
4,3,1\52.jpeg,1,3
4,3,11\12_0.jpeg,11,15
4,3,8\0.jpeg,8,0
4,3,5\48.jpeg,5,7
4,3,17\0.jpeg,17,9
4,3,10\75.jpeg,10,15
4,4,6\17.jpeg,6,5
4,4,11\25.jpeg,11,9
4,4,6\17.jpeg,6,5
4,4,2\24.jpeg,2,3
4,4,5\110.jpeg,5,4
4,4,5\110.jpeg,5,4
4,4,2\173.jpeg,2,3
4,4,6\2.jpeg,6,4
4,4,11\25.jpeg,11,9
4,4,9\9.jpeg,9,14
4,4,2\6.jpeg,2,3
4,4,6\159.jpeg,6,5
4,4,6\15.jpeg,6,5
4,4,6\10.jpeg,6,5
4,4,4\131.jpeg,4,5
4,4,6\5.jpeg,6,5
4,4,11\25.jpeg,11,9
4,4,4\104.jpeg,4,5
4,4,2\173.jpeg,2,3
4,4,4\256.jpeg,4,6
4,4,1\126.jpeg,1,3
4,4,15\1.jpeg,15,11
4,4,6\17.jpeg,6,5
4,4,6\2.jpeg,6,4
4,4,14\32.jpeg,14,10
4,4,9\9.jpeg,9,14
4,4,6\13.jpeg,6,4
4,4,4\145.jpeg,4,5
4,4,1\124.jpeg,1,19
4,4,1\124.jpeg,1,19
4,4,15\1.jpeg,15,11
4,4,1\124.jpeg,1,19
4,4,2\503.jpeg,2,3
4,4,4\104.jpeg,4,5
4,4,1\126.jpeg,1,3
4,4,14\32.jpeg,14,10
4,4,6\18.jpeg,6,5
4,4,4\145.jpeg,4,5
4,4,6\15.jpeg,6,5
4,4,2\6.jpeg,2,3
4,4,6\305.jpeg,6,5
4,4,13\57.jpeg,13,17
4,4,15\1.jpeg,15,11
4,4,4\131.jpeg,4,5
4,4,6\325.jpeg,6,8
4,4,9\9.jpeg,9,14
4,4,5\110.jpeg,5,4
4,4,11\25.jpeg,11,9
4,4,14\32.jpeg,14,10
4,4,6\38.jpeg,6,5
4,4,14\32.jpeg,14,10
4,4,4\131.jpeg,4,5
4,4,9\9.jpeg,9,14
4,4,4\145.jpeg,4,5
4,4,1\126.jpeg,1,3
4,4,6\10.jpeg,6,5
4,4,2\24.jpeg,2,3
4,4,6\10.jpeg,6,5
4,4,2\173.jpeg,2,3
5,0,15\62.jpeg,15,10
5,0,4\107.jpeg,4,17
5,0,9\42.jpeg,9,17
5,0,4\145.jpeg,4,5
5,0,9\42.jpeg,9,17
5,0,6\121.jpeg,6,5
5,0,6\305.jpeg,6,5
5,0,6\121.jpeg,6,5
5,0,1\316.jpeg,1,3
5,0,4\145.jpeg,4,5
5,0,6\176.jpeg,6,5
5,0,6\30.jpeg,6,5
5,0,4\145.jpeg,4,5
5,0,6\15.jpeg,6,5
5,0,2\3.jpeg,2,1
5,0,6\30.jpeg,6,5
5,0,5\110.jpeg,5,4
5,0,6\176.jpeg,6,5
5,0,15\62.jpeg,15,10
5,0,9\42.jpeg,9,17
5,0,9\35.jpeg,9,17
5,0,6\240.jpeg,6,5
5,0,6\30.jpeg,6,5
5,0,9\35.jpeg,9,17
5,0,5\110.jpeg,5,4
5,0,9\42.jpeg,9,17
5,0,11\28.jpeg,11,8
5,0,9\42.jpeg,9,17
5,0,6\50.jpeg,6,5
5,0,4\145.jpeg,4,5
5,0,5\3.jpeg,5,6
5,0,9\35.jpeg,9,17
5,0,9\35.jpeg,9,17
5,0,2\3.jpeg,2,1
5,0,15\51.jpeg,15,10
5,0,9\42.jpeg,9,17
5,0,4\145.jpeg,4,5
5,0,7\2.jpeg,7,6
5,0,6\50.jpeg,6,5
5,0,15\62.jpeg,15,10
5,0,2\3.jpeg,2,1
5,1,18\22.jpeg,18,14
5,1,8\30.jpeg,8,0
5,1,0\2.jpeg,0,17
5,1,2\347.jpeg,2,12
5,1,8\0.jpeg,8,0
5,1,18\22.jpeg,18,14
5,1,6\170.jpeg,6,5
5,1,9\42.jpeg,9,17
5,1,17\19.jpeg,17,9
5,1,1\130.jpeg,1,2
5,1,7\0.jpeg,7,6
5,1,6\16.jpeg,6,5
5,1,0\2.jpeg,0,17
5,1,7\0.jpeg,7,6
5,1,17\25.jpeg,17,9
5,1,6\176.jpeg,6,5
5,1,2\172.jpeg,2,15
5,1,18\3.jpeg,18,4
5,1,5\213.jpeg,5,4
5,1,6\0.jpeg,6,5
5,1,6\8.jpeg,6,5
5,1,2\503.jpeg,2,3
5,1,6\0.jpeg,6,5
5,1,6\3.jpeg,6,5
5,1,0\2.jpeg,0,17
5,1,8\0.jpeg,8,0
5,1,6\52.jpeg,6,5
5,1,9\42.jpeg,9,17
5,1,18\0.jpeg,18,4
5,1,18\0.jpeg,18,4
5,1,1\130.jpeg,1,2
5,1,6\16.jpeg,6,5
5,1,1\130.jpeg,1,2
5,1,18\0.jpeg,18,4
5,1,6\48.jpeg,6,5
5,1,18\0.jpeg,18,4
5,1,6\170.jpeg,6,5
5,1,18\3.jpeg,18,4
5,1,17\25.jpeg,17,9
5,1,11\28.jpeg,11,19
5,1,0\2.jpeg,0,17
5,1,6\93.jpeg,6,4
5,1,18\3.jpeg,18,4
5,1,5\213.jpeg,5,4
5,1,2\172.jpeg,2,15
5,1,11\28.jpeg,11,19
5,1,17\25.jpeg,17,9
5,1,5\213.jpeg,5,4
5,1,8\0.jpeg,8,0
5,1,2\497.jpeg,2,1
5,1,2\628.jpeg,2,1
5,1,5\213.jpeg,5,4
5,1,8\30.jpeg,8,0
5,1,5\195.jpeg,5,4
5,1,17\19.jpeg,17,9
5,1,8\0.jpeg,8,0
5,1,2\752.jpeg,2,1
5,1,5\195.jpeg,5,4
5,1,6\3.jpeg,6,5
5,1,2\172.jpeg,2,15
5,1,18\3.jpeg,18,4
5,1,5\213.jpeg,5,4
5,1,6\3.jpeg,6,5
5,1,8\30.jpeg,8,0
5,1,6\176.jpeg,6,5
5,2,12\57.jpeg,12,17
5,2,6\325.jpeg,6,5
5,2,5\163.jpeg,5,6
5,2,12\57.jpeg,12,17
5,2,12\57.jpeg,12,17
5,2,17\25.jpeg,17,9
5,2,6\211.jpeg,6,4
5,2,13\57.jpeg,13,17
5,2,13\57.jpeg,13,17
5,2,13\57.jpeg,13,17
5,2,17\25.jpeg,17,9
5,2,17\25.jpeg,17,9
5,2,2\503.jpeg,2,3
5,2,17\25.jpeg,17,9
5,2,5\163.jpeg,5,6
5,2,5\3.jpeg,5,4
5,2,2\643.jpeg,2,1
5,2,12\57.jpeg,12,17
5,2,17\25.jpeg,17,9
5,2,5\3.jpeg,5,4
5,2,2\367.jpeg,2,4
5,2,17\25.jpeg,17,9
5,2,2\643.jpeg,2,1
5,2,6\211.jpeg,6,4
5,2,12\57.jpeg,12,17
5,2,2\272.jpeg,2,4
5,2,6\305.jpeg,6,5
5,2,12\57.jpeg,12,17
5,2,17\25.jpeg,17,9
5,2,12\9.jpeg,12,7
5,2,6\305.jpeg,6,5
5,2,17\25.jpeg,17,9
5,2,5\163.jpeg,5,6
5,2,17\25.jpeg,17,9
5,2,17\25.jpeg,17,9
5,2,5\163.jpeg,5,6
5,2,17\25.jpeg,17,9
5,2,1\62.jpeg,1,19
5,2,5\163.jpeg,5,6
5,2,17\25.jpeg,17,9
5,2,17\25.jpeg,17,9
5,2,13\57.jpeg,13,17
5,2,17\25.jpeg,17,9
5,2,12\57.jpeg,12,17
5,2,5\163.jpeg,5,6
5,2,17\25.jpeg,17,9
5,2,15\62.jpeg,15,10
5,2,13\57.jpeg,13,17
5,2,2\752.jpeg,2,1
5,2,5\163.jpeg,5,6
5,2,15\69.jpeg,15,14
5,2,12\9.jpeg,12,7
5,2,2\497.jpeg,2,4
5,2,12\9.jpeg,12,7
5,2,17\25.jpeg,17,9
5,2,17\25.jpeg,17,9
5,2,17\25.jpeg,17,9
5,2,17\25.jpeg,17,9
5,2,17\25.jpeg,17,9
5,2,15\69.jpeg,15,14
5,2,5\163.jpeg,5,6
5,2,12\57.jpeg,12,17
5,2,13\57.jpeg,13,17
5,2,15\69.jpeg,15,14
5,3,18\0.jpeg,18,4
5,3,8\0.jpeg,8,0
5,3,8\0.jpeg,8,0
5,3,19\0.jpeg,19,1
5,3,11\0.jpeg,11,8
5,3,4\107.jpeg,4,2
5,3,6\305.jpeg,6,5
5,3,19\0.jpeg,19,1
5,3,6\30.jpeg,6,5
5,3,19\0.jpeg,19,1
5,3,8\38.jpeg,8,19
5,3,6\211.jpeg,6,5
5,3,6\211.jpeg,6,5
5,3,11\0.jpeg,11,8
5,3,8\0.jpeg,8,0
5,3,7\6.jpeg,7,5
5,3,7\0.jpeg,7,5
5,3,18\0.jpeg,18,4
5,3,18\0.jpeg,18,4
5,3,8\30.jpeg,8,0
5,3,6\17.jpeg,6,5
5,3,8\30.jpeg,8,0
5,3,11\0.jpeg,11,8
5,3,15\62.jpeg,15,10
5,3,4\107.jpeg,4,2
5,3,9\35.jpeg,9,17
5,3,1\6.jpeg,1,3
5,3,18\0.jpeg,18,4
5,3,19\0.jpeg,19,1
5,3,8\0.jpeg,8,0
5,3,6\58.jpeg,6,5
5,3,6\17.jpeg,6,5
5,3,1\62.jpeg,1,19
5,3,8\0.jpeg,8,0
5,3,7\0.jpeg,7,5
5,3,1\6.jpeg,1,3
5,3,8\38.jpeg,8,19
5,3,18\0.jpeg,18,4
5,3,11\0.jpeg,11,8
5,3,6\8.jpeg,6,5
5,3,6\52.jpeg,6,5
5,3,4\107.jpeg,4,2
5,3,1\62.jpeg,1,19
5,3,9\35.jpeg,9,17
5,3,7\0.jpeg,7,5
5,3,11\0.jpeg,11,8
5,3,8\30.jpeg,8,0
5,3,8\30.jpeg,8,0
5,3,6\0.jpeg,6,5
5,3,4\107.jpeg,4,2
5,3,8\38.jpeg,8,19
5,3,7\0.jpeg,7,5
5,3,9\35.jpeg,9,17
5,3,8\0.jpeg,8,0
5,3,4\107.jpeg,4,2
5,3,19\0.jpeg,19,1
5,3,6\305.jpeg,6,5
5,3,6\0.jpeg,6,5
5,3,11\0.jpeg,11,8
5,3,8\38.jpeg,8,19
5,3,9\35.jpeg,9,17
5,3,18\0.jpeg,18,4
5,3,6\8.jpeg,6,5
5,3,6\211.jpeg,6,5
5,3,9\35.jpeg,9,17
5,3,8\64.jpeg,8,11
5,3,6\0.jpeg,6,5
5,3,19\0.jpeg,19,1
5,3,6\0.jpeg,6,5
5,4,6\17.jpeg,6,5
5,4,1\124.jpeg,1,2
5,4,2\24.jpeg,2,1
5,4,15\1.jpeg,15,11
5,4,11\25.jpeg,11,1
5,4,11\25.jpeg,11,1
5,4,15\1.jpeg,15,11
5,4,6\93.jpeg,6,5
5,4,6\15.jpeg,6,5
5,4,9\42.jpeg,9,17
5,4,6\311.jpeg,6,5
5,4,15\1.jpeg,15,11
5,4,15\1.jpeg,15,11
5,4,2\24.jpeg,2,1
5,4,15\1.jpeg,15,11
5,4,5\110.jpeg,5,4
5,4,6\30.jpeg,6,5
5,4,9\42.jpeg,9,17
5,4,2\24.jpeg,2,1
5,4,6\2.jpeg,6,4
5,4,2\24.jpeg,2,1
5,4,1\7.jpeg,1,2
5,4,10\23.jpeg,10,9
5,4,11\25.jpeg,11,1
5,4,11\25.jpeg,11,1
5,4,4\145.jpeg,4,5
5,4,5\110.jpeg,5,4
5,4,6\2.jpeg,6,4
5,4,11\25.jpeg,11,1
5,4,6\38.jpeg,6,5
5,4,6\2.jpeg,6,4
5,4,6\2.jpeg,6,4
5,4,6\311.jpeg,6,5
5,4,6\2.jpeg,6,4
5,4,5\110.jpeg,5,4
5,4,9\42.jpeg,9,17
5,4,6\8.jpeg,6,5
5,4,1\4.jpeg,1,2
5,4,2\24.jpeg,2,1
5,4,6\17.jpeg,6,5
